candidate_feature,importance_gain,importance_split,original_feature,encoding,feature_group,auc_power,ks,iv,development_missing_rate,psi_development_validation,importance_gain_pct
ext_source_mean,99467.40545988083,377,ext_source_mean,numeric_original,current_application,0.7166262240902831,0.3250437600134246,0.6094893542326927,0.0005636642512208,0.0001587200574916,0.173352780170455
ext_source_min,14019.35858631134,248,ext_source_min,numeric_original,current_application,0.6911858036821537,0.2826912741472597,0.4678815681448544,0.0005636642512208,0.0002818999713611,0.024433077106086228
ext_source_max,13398.73248052597,293,ext_source_max,numeric_original,current_application,0.6857743043006221,0.2713294014544608,0.4409884370274413,0.0005636642512208,0.0002232955563586,0.02335144377718985
credit_to_annuity_ratio,12433.298265457153,625,credit_to_annuity_ratio,numeric_original,current_application,0.5322177936054967,0.0952032952315857,0.1428712442187236,4.335878855544776e-05,9.044507434001096e-05,0.021668875457647587
employment_years,11626.205137729645,552,employment_years,numeric_original,current_application,0.5831279860208569,0.1322741483872072,0.1143330693654077,0.1804213390277875,0.0001294742905551,0.020262265554622984
EXT_SOURCE_3,9240.026393175125,367,EXT_SOURCE_3,numeric_original,current_application,0.6818243074026483,0.2752321880582493,0.3386219077195299,0.1979816483927439,0.0001661005067066,0.016103609586472556
bureau_recent_24m_debt_to_credit_max,9068.43094778061,258,bureau_recent_24m_debt_to_credit_max,numeric_original,external_credit_history,0.6209297328676409,0.1912290145840412,0.1291512392413947,0.3593793189418288,0.0001886101535028,0.015804551343360698
DAYS_BIRTH,7830.672772884369,487,DAYS_BIRTH,numeric_original,current_application,0.5832345109411772,0.12253555588599,0.0852754811446048,0.0,0.0001449920412785,0.013647374127317643
goods_to_credit_ratio,7686.860786914825,270,goods_to_credit_ratio,numeric_original,current_application,0.5674783644731105,0.1200333216459688,0.0678484781781657,0.0008996948625255,0.0001326964714271,0.013396737172685202
AMT_ANNUITY,6852.430446624756,383,AMT_ANNUITY,numeric_original,current_application,0.5016594293431377,0.0345755500724912,0.0231489153634522,4.335878855544776e-05,0.0002911078448296,0.011942483704636256
EXT_SOURCE_1,6396.941212177277,367,EXT_SOURCE_1,numeric_original,current_application,0.6637524666894945,0.2423925977289344,0.145247673773825,0.564206236077764,0.0002058492938243,0.01114865255196755
credit_card_recent_6m_utilization_max,6091.732594490051,128,credit_card_recent_6m_utilization_max,numeric_original,internal_credit_card_history,0.6529109029376879,0.2707443072879192,0.0796204017101177,0.7787075829101335,3.0044893216066567e-05,0.010616731947791318
installment_payment_sum,5820.079414367676,254,installment_payment_sum,numeric_original,internal_repayment_history,0.5336317952684966,0.0612050363597862,0.01837203194416,0.0,0.0003051076340169,0.010143292092809343
bureau_credit_card_debt_to_credit_max,5583.537491321564,194,bureau_credit_card_debt_to_credit_max,numeric_original,external_credit_history,0.6380815543001183,0.2276025634621152,0.1216684051661472,0.514191873479055,0.0001228809473884,0.009731044484687623
installment_recent_24m_late_days_mean,5488.662253379822,155,installment_recent_24m_late_days_mean,numeric_original,internal_repayment_history,0.5822912491157378,0.1411712061833888,0.0830452181769332,0.1806327131219953,0.0002604803656568,0.009565694979585994
previous_credit_to_application_mean,5103.2134308815,235,previous_credit_to_application_mean,numeric_original,internal_previous_application,0.5716271191093016,0.1121554808250842,0.0678226608787054,0.0563555854249432,0.0001049316407367,0.008893930951112737
id_publish_years,4978.577799081802,403,id_publish_years,numeric_original,current_application,0.558228382980718,0.0903566303178448,0.0421022529434011,0.0,0.000285344118628,0.008676714736606235
EXT_SOURCE_2,4725.369149208069,317,EXT_SOURCE_2,numeric_original,current_application,0.6543837471860928,0.2198697623362371,0.3005036722445837,0.0020649623049531,0.0003307593110529,0.008235420191766383
AMT_GOODS_PRICE,4520.399393081665,275,AMT_GOODS_PRICE,numeric_original,current_application,0.5322314228913305,0.0924222606562126,0.0922906827712216,0.0008996948625255,8.265290977156308e-05,0.007878196869100108
OWN_CAR_AGE,4367.221909761429,208,OWN_CAR_AGE,numeric_original,current_application,0.5580178737891622,0.1068544424972783,0.0251494021219899,0.6603055710623446,0.000290073156691,0.007611237632852746
annuity_to_income_ratio,4302.3019552230835,280,annuity_to_income_ratio,numeric_original,current_application,0.5203374368597129,0.0384946181805059,0.0064303721288359,4.335878855544776e-05,0.0002336138521765,0.007498094492587557
pos_recent_24m_instalment_future_mean,4170.457539558411,255,pos_recent_24m_instalment_future_mean,numeric_original,internal_pos_cash_history,0.5190789976658606,0.0450176390145493,0.0118519043998382,0.2024259242196773,0.0002335176577279,0.007268314738106692
ext_source_std,4128.80057144165,314,ext_source_std,numeric_original,current_application,0.5505319924010995,0.0819863001618307,0.0378324883432917,0.1192908670131756,0.0002503109715932,0.007195714561163049
previous_refusal_rate,3996.578628063202,126,previous_refusal_rate,numeric_original,internal_previous_application,0.5611747625754916,0.1078861732520655,0.072557529150225,0.0530548976461597,1.6072188334089665e-05,0.006965276847640507
catfreq__CODE_GENDER,3785.787798166275,126,CODE_GENDER,category_frequency_train,current_application,0.5461156063341677,0.0927197719998926,0.0362458270885456,0.0,4.344326533415731e-07,0.006597908499907658
pos_instalment_future_mean,3744.685158729553,268,pos_instalment_future_mean,numeric_original,internal_pos_cash_history,0.5216467917401376,0.0417102631474831,0.0177777588578957,0.0585126851555767,4.866125419954609e-05,0.006526274412482171
bureau_max_credit_max_overdue,3585.9401140213013,255,bureau_max_credit_max_overdue,numeric_original,external_credit_history,0.5502820570125444,0.1011043590937,0.0223193542593333,0.4019359699090007,9.600471382905316e-05,0.00624961197506132
installment_late_ratio,3560.46271944046,176,installment_late_ratio,numeric_original,internal_repayment_history,0.5634250265408904,0.1090172827390066,0.060505414081578,0.0512446682239698,0.000312089502853,0.006205209719250296
previous_annuity_mean,3403.0370769500732,267,previous_annuity_mean,numeric_original,internal_previous_application,0.5361150285853762,0.0491313030731447,0.0221904763750769,0.0544857376684895,0.0002356230533941,0.005930846749092842
previous_down_payment_mean,3271.8020362854004,268,previous_down_payment_mean,numeric_original,internal_previous_application,0.5468873905977714,0.0779583549951165,0.0300379866152182,0.1100120862623098,0.000215917622763,0.0057021290194021875
pos_recent_12m_instalment_future_mean,3217.448046684265,212,pos_recent_12m_instalment_future_mean,numeric_original,internal_pos_cash_history,0.5144629778359996,0.0454614020670234,0.013842067139614,0.328936029527335,0.000423672532453,0.005607400347560906
bureau_active_total_debt_to_credit_ratio,2993.316905975342,242,bureau_active_total_debt_to_credit_ratio,numeric_original,external_credit_history,0.5803942776705219,0.1274927873213109,0.0578484438912829,0.3036253367080924,0.0001652143367337,0.005216782373913864
previous_approved_credit_to_application_mean,2980.2751417160034,220,previous_approved_credit_to_application_mean,numeric_original,internal_previous_application,0.5598195880001078,0.0960548318541949,0.053312373747587,0.0594232197152411,0.0001294445318076,0.005194053057890879
DAYS_LAST_PHONE_CHANGE,2969.3634026050568,260,DAYS_LAST_PHONE_CHANGE,numeric_original,current_application,0.5569746798673961,0.0971469761418348,0.0468859525552572,5.41984856943097e-06,0.0001861152910452,0.005175035970809622
registration_age_years,2913.4815430641174,271,registration_age_years,numeric_original,current_application,0.5439937708825744,0.0696680713615294,0.0275703822296991,0.0,0.0002344859715036,0.005077644512092787
installment_first_due_day,2883.2640182971954,205,installment_first_due_day,numeric_original,internal_repayment_history,0.5604046246195203,0.0951792435355709,0.0471962655228387,0.0512446682239698,0.0002441671654278,0.005024981110408621
previous_recent_24m_credit_to_application_mean,2864.8740978240967,243,previous_recent_24m_credit_to_application_mean,numeric_original,internal_previous_application,0.5587113759039781,0.0949117953316048,0.0419188656582778,0.2615564721121692,0.0001018400286554,0.004992930974724615
bureau_closed_days_credit_mean,2818.908365249634,262,bureau_closed_days_credit_mean,numeric_original,external_credit_history,0.5682245842427218,0.1078663820286562,0.0790920744825822,0.2508251719446959,0.0003090932203442,0.004912821440375006
credit_to_income_ratio,2801.673921108246,234,credit_to_income_ratio,numeric_original,current_application,0.5016165986390422,0.0268860982770882,0.0109217108327167,0.0,0.0001044103477598,0.00488278508029515
pos_recent_6m_instalment_future_max,2800.7434697151184,157,pos_recent_6m_instalment_future_max,numeric_original,internal_pos_cash_history,0.5227064698516565,0.054357538354168,0.0145531278738568,0.4623456020638783,0.0002415615909767,0.004881163480384441
pos_recent_6m_instalment_future_mean,2760.2011523246765,195,pos_recent_6m_instalment_future_mean,numeric_original,internal_pos_cash_history,0.5219005639555253,0.0495060117914997,0.0132237736546473,0.4623456020638783,0.0002859231608771,0.004810505927775202
REGION_POPULATION_RELATIVE,2752.391557455063,258,REGION_POPULATION_RELATIVE,numeric_original,current_application,0.530026853461737,0.0592646081706915,0.032192402832792,0.0,0.0003866121257314,0.004796895288426632
installment_early_days_mean,2739.417731285095,260,installment_early_days_mean,numeric_original,internal_repayment_history,0.5303791380035541,0.047327463861492,0.0170506187024284,0.0512771873153864,0.0003822583286641,0.004774284375579215
previous_cnt_payment_mean,2735.0010256767273,184,previous_cnt_payment_mean,numeric_original,internal_previous_application,0.5268188285943063,0.0503693750236867,0.0245192054058204,0.0544857376684895,0.0002058085135635,0.004766586897265941
previous_cash_credit_to_application_mean,2633.730010509491,205,previous_cash_credit_to_application_mean,numeric_original,internal_previous_application,0.5825776508262477,0.1363597676627615,0.049513301419054,0.5156714921385096,0.0003091645026041,0.004590090768219873
bureau_days_credit_max,2613.864384174347,230,bureau_days_credit_max,numeric_original,external_credit_history,0.578935521253443,0.1230546228160865,0.0780883410543329,0.1429430861701724,0.0002427122813839,0.004555468757732089
pos_month_count,2605.4761333465576,143,pos_month_count,numeric_original,internal_pos_cash_history,0.5334561900047972,0.0631975439994211,0.0257634765984401,0.0,0.0002601204733304,0.00454084963104389
bureau_closed_credit_sum,2590.418089389801,182,bureau_closed_credit_sum,numeric_original,external_credit_history,0.5639715560907739,0.1058235799548565,0.0534841809924967,0.0,0.0001396815124533,0.004514606322778596
bureau_active_days_credit_mean,2569.3001079559326,231,bureau_active_days_credit_mean,numeric_original,external_credit_history,0.5730943145330405,0.1175231710831745,0.0500055695838763,0.2935064794289647,0.0002297981868373,0.004477801695411235
bureau_mean_credit,2565.550473690033,208,bureau_mean_credit,numeric_original,external_credit_history,0.5219509913229491,0.0316338731020786,0.021364627024581,0.1429485060187418,0.0001767227334256,0.00447126679564572
previous_total_credit_to_current_application_ratio,2553.6072936058044,213,previous_total_credit_to_current_application_ratio,numeric_original,internal_previous_application,0.5477071317823408,0.0844656965810458,0.0405961743438922,0.0563555854249432,0.0001782775652974,0.0044504521030124386
bureau_recent_12m_debt_to_credit_max,2506.7786881923676,178,bureau_recent_12m_debt_to_credit_max,numeric_original,external_credit_history,0.6075206698804909,0.1654741290658433,0.0932397347278068,0.5459250868530733,0.00017623985882,0.004368838745326149
installment_recent_24m_late_ratio,2483.158351421356,117,installment_recent_24m_late_ratio,numeric_original,internal_repayment_history,0.579401391530055,0.1415345575381322,0.0751612839180264,0.1805622550905927,0.000320313253626,0.004327672988273515
catoh__NAME_EDUCATION_TYPE__02_Higher_education,2481.732918739319,56,NAME_EDUCATION_TYPE,category_one_hot_train_top_level,current_application,0.5434875831011248,0.087281748283706,0.0,0.0,0.0,0.0043251887300661705
bureau_max_credit,2463.5284428596497,190,bureau_max_credit,numeric_original,external_credit_history,0.5150546095624339,0.026877917501288,0.0213205319451177,0.1429485060187418,0.0003206354492924,0.004293461789057746
pos_months_min,2396.1431136131287,181,pos_months_min,numeric_original,internal_pos_cash_history,0.5566294545605435,0.0895509191337258,0.0401237725322768,0.0584205477298964,0.0002099893702941,0.004176021969314006
bureau_credit_card_debt_to_credit_mean,2357.091724872589,148,bureau_credit_card_debt_to_credit_mean,numeric_original,external_credit_history,0.6285487207338515,0.210894900200443,0.1052382937070417,0.514191873479055,0.0002441119785056,0.004107962821934112
previous_approved_amount_mean,2340.5338459014893,166,previous_approved_amount_mean,numeric_original,internal_previous_application,0.5384978762080013,0.0557296806129227,0.0243062723866435,0.0562363487564157,0.0001162718455211,0.004079105586339244
previous_days_decision_mean,2335.7207927703857,178,previous_days_decision_mean,numeric_original,internal_previous_application,0.5556992745462902,0.0898363745718817,0.0418202707854618,0.0530548976461597,0.0001803388346925,0.004070717349634694
bureau_sum_credit,2325.7487876415253,163,bureau_sum_credit,numeric_original,external_credit_history,0.5194334323131116,0.0309035224479805,0.017771191247145,0.1429430861701724,0.0002934355263079,0.004053338040252192
bureau_total_debt_to_credit_ratio,2305.0597157478333,131,bureau_total_debt_to_credit_ratio,numeric_original,external_credit_history,0.590704501404179,0.1414314333123398,0.1010809146037119,0.1465147663774274,0.000247957648619,0.004017280920682862
previous_approved_days_decision_max,2300.339395046234,194,previous_approved_days_decision_max,numeric_original,internal_previous_application,0.5060039314612549,0.0127807766659734,0.0062589088157772,0.0562363487564157,5.931449628281897e-05,0.00400905429897563
bureau_days_credit_mean,2263.426733016968,177,bureau_days_credit_mean,numeric_original,external_credit_history,0.6030186998135512,0.1564621973273423,0.121882773728535,0.1429430861701724,0.0002207020960177,0.003944722545707504
previous_recent_24m_credit_mean,2226.4634017944336,205,previous_recent_24m_credit_mean,numeric_original,internal_previous_application,0.5139605799026132,0.0214503612866376,0.0079791397106048,0.2296281441896513,0.0003065846387441,0.0038803024856671102
income_per_family_member,2197.222826719284,209,income_per_family_member,numeric_original,current_application,0.5151745756940269,0.0235688436836181,0.0032366717127349,5.41984856943097e-06,0.0001128370981716,0.003829341721589429
bureau_days_credit_min,2179.7364115715027,197,bureau_days_credit_min,numeric_original,external_credit_history,0.57790693276197,0.1233328149346471,0.0759496075242646,0.1429430861701724,0.0003022533212908,0.003798866223942058
pos_active_month_ratio,2176.698920249939,197,pos_active_month_ratio,numeric_original,internal_pos_cash_history,0.5094479263242063,0.0251068388853269,0.0112594925035447,0.0584205477298964,0.0002011372399132,0.0037935724539587936
bureau_recent_24m_credit_sum,2154.4198117256165,155,bureau_recent_24m_credit_sum,numeric_original,external_credit_history,0.5200208523235192,0.0414153161859371,0.0082422270989786,0.0,0.0001001181394349,0.0037547442027889336
bureau_consumer_credit_total_debt_to_credit_ratio,2145.4280881881714,158,bureau_consumer_credit_total_debt_to_credit_ratio,numeric_original,external_credit_history,0.5674662458739792,0.1083753142898428,0.0672952765937695,0.1964424113990255,0.0001881817073577,0.00373907333788064
bureau_recent_12m_credit_sum,2138.611936569214,150,bureau_recent_12m_credit_sum,numeric_original,external_credit_history,0.5420166855637348,0.0708850376409917,0.0229014361873804,0.0,2.6785266953736116e-05,0.003727194081276463
previous_cash_credit_mean,2127.866265296936,191,previous_cash_credit_mean,numeric_original,internal_previous_application,0.5128483175683569,0.0296605783552884,0.0075441227751157,0.4439452161706602,0.0003083842040279,0.0037084664188705256
bureau_consumer_credit_debt_to_credit_max,2094.369605064392,160,bureau_consumer_credit_debt_to_credit_max,numeric_original,external_credit_history,0.5752616183195394,0.1295826531439237,0.0725078413227124,0.2293950907011658,0.0002224719627559,0.0036500881073936197
previous_down_payment_to_credit_mean,2082.0256037712097,206,previous_down_payment_to_credit_mean,numeric_original,internal_previous_application,0.5358071247934313,0.0552976347387285,0.0168366136990215,0.1100120862623098,0.0002444372248661,0.003628574859584377
bureau_recent_24m_total_debt_to_credit_ratio,2074.576864719391,187,bureau_recent_24m_total_debt_to_credit_ratio,numeric_original,external_credit_history,0.5728033890553057,0.1088914889884936,0.0466221653157173,0.3217493103242695,0.0001608235164051,0.0036155931233319135
bureau_mean_debt,2014.8587594032288,177,bureau_mean_debt,numeric_original,external_credit_history,0.5568867743522342,0.1046710796808677,0.0520942150627945,0.1668283588156547,0.0002246168037206,0.0035115158174526097
previous_approved_cnt_payment_mean,1955.203598499298,152,previous_approved_cnt_payment_mean,numeric_original,internal_previous_application,0.5139055964474911,0.0313966759068401,0.0180533777261993,0.0562363487564157,0.0001431462438341,0.003407548211718857
bureau_credit_card_total_debt_to_credit_ratio,1932.3235712051392,165,bureau_credit_card_total_debt_to_credit_ratio,numeric_original,external_credit_history,0.6107205236171239,0.1764619613312361,0.0844882025961371,0.4778246895781732,0.0001751144066156,0.003367672673360534
YEARS_BEGINEXPLUATATION_MEDI,1923.3094029426575,176,YEARS_BEGINEXPLUATATION_MEDI,numeric_original,current_application,0.5336406710324324,0.0515355699136722,0.0315293842645358,0.488550569897077,7.517990144439869e-05,0.003351962691562972
previous_approved_days_decision_mean,1914.8548092842102,171,previous_approved_days_decision_mean,numeric_original,internal_previous_application,0.5463519986152903,0.0758944325541927,0.0311407924168781,0.0562363487564157,0.0002253301790217,0.003337227941931903
previous_approved_credit_sum,1898.5852155685425,157,previous_approved_credit_sum,numeric_original,internal_previous_application,0.5302389616814513,0.0507135698539637,0.0149381059731584,0.0,0.0002440267431824,0.003308873132737726
bureau_days_credit_update_max,1894.5778939723969,174,bureau_days_credit_update_max,numeric_original,external_credit_history,0.5576249952306276,0.0873087050629955,0.0479879493676003,0.1429430861701724,7.2173733416306e-05,0.0033018891329388254
pos_recent_24m_active_month_ratio,1880.5351366996765,159,pos_recent_24m_active_month_ratio,numeric_original,internal_pos_cash_history,0.516856305560699,0.0301488902642238,0.0053523324002107,0.2018026416341927,0.0003031247625994,0.0032774152763701348
previous_refused_credit_to_application_mean,1846.1570777893066,155,previous_refused_credit_to_application_mean,numeric_original,internal_previous_application,0.5590384201937751,0.0859498433375274,0.0548201391036459,0.7003636718390088,7.158711009804195e-05,0.0032175008545409656
installment_late_days_mean,1834.3249487876892,128,installment_late_days_mean,numeric_original,internal_repayment_history,0.5580579700823713,0.0979471288769495,0.0479186168309372,0.0512771873153864,0.0002447332336662,0.0031968797028352125
previous_refused_days_decision_max,1831.0814833641052,139,previous_refused_days_decision_max,numeric_original,internal_previous_application,0.5599547329805291,0.0949098022201431,0.0620659150330666,0.6736763374831307,0.0001332159084226,0.003191226959145303
bureau_consumer_credit_debt_to_credit_mean,1814.7537927627563,154,bureau_consumer_credit_debt_to_credit_mean,numeric_original,external_credit_history,0.5743618885139748,0.1291932797275305,0.068673177599352,0.2293950907011658,9.459680860055164e-05,0.003162770898122896
previous_goods_price_mean,1800.4708952903748,143,previous_goods_price_mean,numeric_original,internal_previous_application,0.5201065493198112,0.0317436161077637,0.0146101653976297,0.0562255090592768,0.0001897971855523,0.003137878522833932
installment_recent_12m_payment_sum,1791.4916696548462,138,installment_recent_12m_payment_sum,numeric_original,internal_repayment_history,0.5074386091488694,0.0244808139283627,0.0059393733961501,0.0,0.0001678453503231,0.0031222294393929797
BASEMENTAREA_AVG,1760.95041847229,155,BASEMENTAREA_AVG,numeric_original,current_application,0.5308791994138216,0.0486664788712802,0.0244343415520734,0.5857772333840993,0.0002099678637164,0.0030690018441028246
installment_last_due_day,1753.173017501831,154,installment_last_due_day,numeric_original,internal_repayment_history,0.5003280506502246,0.0156250499272117,0.0087012354935081,0.0512446682239698,0.000169063100491,0.0030554473126008118
installment_recent_6m_payment_sum,1747.198590517044,144,installment_recent_6m_payment_sum,numeric_original,internal_repayment_history,0.5101470606012481,0.0254604057043503,0.0029370984242498,0.0,8.544164142541305e-05,0.0030450350220323605
previous_approval_rate,1728.073763847351,107,previous_approval_rate,numeric_original,internal_previous_application,0.5580104437246326,0.1054432632350838,0.0627066057731507,0.0530548976461597,0.0002082064874919,0.003011704084544436
feature_store_missing_field_count,1711.7363147735596,172,feature_store_missing_field_count,numeric_original,feature_store_quality,0.5025467073767645,0.0166149026884312,0.0058109448222721,0.0,0.0001157264975137,0.002983231016359529
bureau_active_loan_ratio,1668.7901253700256,123,bureau_active_loan_ratio,numeric_original,external_credit_history,0.5836261226050249,0.1367377372941904,0.089205633090534,0.1429430861701724,0.0001252412269095,0.0029083839717783536
previous_refused_days_decision_mean,1653.071695804596,121,previous_refused_days_decision_mean,numeric_original,internal_previous_application,0.5480333902295608,0.0926055496437439,0.0610218724705621,0.6736763374831307,0.0001440124201694,0.0028809897369284285
catfreq__ORGANIZATION_TYPE,1649.8260197639465,142,ORGANIZATION_TYPE,category_frequency_train,current_application,0.5028732433783649,0.0378762544566202,0.0415050309140135,0.0,3.260699320554384e-05,0.0028753331405531853
previous_recent_24m_days_decision_max,1614.1819462776184,150,previous_recent_24m_days_decision_max,numeric_original,internal_previous_application,0.520915153557736,0.036995279224782,0.010993281869974,0.2296281441896513,0.0002507158154283,0.0028132122959721208
pos_recent_12m_instalment_future_max,1614.0048670768738,111,pos_recent_12m_instalment_future_max,numeric_original,internal_pos_cash_history,0.5144596990247802,0.0488386074224224,0.0143063570976152,0.328936029527335,0.0002012297835858,0.002812903680585829
TOTALAREA_MODE,1528.7482018470764,128,TOTALAREA_MODE,numeric_original,current_application,0.5462566609308719,0.0651668598938429,0.0369872507694285,0.4836618664874503,0.0002460889191171,0.002664317519347228
previous_recent_24m_refusal_rate,1519.1976566314697,82,previous_recent_24m_refusal_rate,numeric_original,internal_previous_application,0.5674062689902114,0.1223561599741788,0.0629325370065912,0.2296281441896513,2.154432651111127e-05,0.0026476727344791153
catfreq__NAME_EDUCATION_TYPE,1495.697693824768,49,NAME_EDUCATION_TYPE,category_frequency_train,current_application,0.5367023911146153,0.079698026426636,0.0333541935360117,0.0,3.0588045520570157e-06,0.0026067167663646443
APARTMENTS_AVG,1495.6037364006042,126,APARTMENTS_AVG,numeric_original,current_application,0.5404742262309717,0.0579661827734962,0.032723097025689,0.5082517194469587,0.0001827455882484,0.0026065530164344924
LIVINGAREA_AVG,1490.0644097328186,129,LIVINGAREA_AVG,numeric_original,current_application,0.5489015255341056,0.0722618453326988,0.034793565231316,0.5026855349661531,0.000308977800647,0.002596899023011287
previous_recent_12m_credit_mean,1477.5534148216248,132,previous_recent_12m_credit_mean,numeric_original,internal_previous_application,0.5088486525368385,0.0198383865598315,0.0098966472720426,0.4503297977854498,0.0001300183349204,0.0025750947370693097
catoh__NAME_FAMILY_STATUS__01_Married,1471.349925994873,78,NAME_FAMILY_STATUS,category_one_hot_train_top_level,current_application,0.5221901024312845,0.0446922608041288,0.0,0.0,0.0,0.002564283235252189
installment_recent_24m_total_payment_ratio,1438.7241158485413,100,installment_recent_24m_total_payment_ratio,numeric_original,internal_repayment_history,0.5690433381523461,0.1216426202776388,0.057144065449477,0.1805676749391622,0.0002025099242997,0.0025074226499375227
previous_refused_amount_mean,1429.2955598831177,129,previous_refused_amount_mean,numeric_original,internal_previous_application,0.5037601651418954,0.0293766768318085,0.0469935906612082,0.6736763374831307,0.0002269637197579,0.002490990469143804
previous_recent_12m_days_decision_max,1424.3955464363098,143,previous_recent_12m_days_decision_max,numeric_original,internal_previous_application,0.5121920446268776,0.0196265708628771,0.0096016448547689,0.4503297977854498,0.0001749833286009,0.0024824506771390815
previous_recent_12m_credit_to_application_mean,1423.8516459465027,126,previous_recent_12m_credit_to_application_mean,numeric_original,internal_previous_application,0.5503796564290903,0.0835326726020664,0.0304145240631222,0.5338008856032562,9.426955534654932e-05,0.0024815027619742272
installment_record_count,1408.396185874939,112,installment_record_count,numeric_original,internal_repayment_history,0.5153471796067429,0.0324917062647741,0.009328909053215,0.0,0.0003975986358257,0.002454566832964802
catfreq__NAME_INCOME_TYPE,1400.747522354126,51,NAME_INCOME_TYPE,category_frequency_train,current_application,0.5599966776847645,0.1042300438454255,0.0575591837582325,0.0,8.064982592527201e-06,0.0024412366663660963
bureau_consumer_credit_credit_sum,1398.7436938285828,124,bureau_consumer_credit_credit_sum,numeric_original,external_credit_history,0.5251044561654479,0.0543697220780826,0.0155461140550527,0.0,0.0001836955872521,0.002437744374149548
bureau_recent_6m_debt_to_credit_mean,1392.2422704696655,122,bureau_recent_6m_debt_to_credit_mean,numeric_original,external_credit_history,0.5543358048915604,0.0864289838271822,0.0396946280148232,0.752556813562629,0.0002526413270319,0.0024264136290766004
pos_recent_12m_active_month_ratio,1388.7378792762756,119,pos_recent_12m_active_month_ratio,numeric_original,internal_pos_cash_history,0.5258940691060843,0.0502278014687809,0.0093110541309613,0.3280200751191012,0.0003685804674145,0.0024203061413687397
bureau_consumer_credit_debt_sum,1387.6950707435608,111,bureau_consumer_credit_debt_sum,numeric_original,external_credit_history,0.5232336575034906,0.0379270953716002,0.0080565256138125,0.0,3.467000200722734e-05,0.002418488724321459
installment_recent_12m_late_days_mean,1382.6850304603577,71,installment_recent_12m_late_days_mean,numeric_original,internal_repayment_history,0.577670710224737,0.1412318550690754,0.0634036999726137,0.2932409068490626,0.0002072189424328,0.0024097571764556654
installment_recent_24m_payment_sum,1352.9295568466187,113,installment_recent_24m_payment_sum,numeric_original,internal_repayment_history,0.5086779783160409,0.0264672504083862,0.0073249205663317,0.0,0.00026673793998,0.002357899042101183
pos_def_dpd_max,1333.1479840278625,80,pos_def_dpd_max,numeric_original,internal_pos_cash_history,0.5257710250000897,0.0503820415000361,0.0213273352655116,0.0584205477298964,4.307825359648134e-06,0.0023234235209149104
credit_card_recent_6m_drawings_sum,1322.3532915115356,76,credit_card_recent_6m_drawings_sum,numeric_original,internal_credit_card_history,0.5299681411763025,0.0609850520197206,0.0341263677205847,0.0,5.699157610864851e-06,0.002304610423798939
LANDAREA_MEDI,1319.8776941299438,130,LANDAREA_MEDI,numeric_original,current_application,0.518663743502386,0.039396552006657,0.01796735797197,0.5941942582124256,0.0001486493255809,0.0023002959281438295
credit_card_recent_24m_payment_to_min_due_mean,1315.920117855072,97,credit_card_recent_24m_payment_to_min_due_mean,numeric_original,internal_credit_card_history,0.5691151358362692,0.1037028732712644,0.0394023549395427,0.8631705030161457,0.0001466340821634,0.0022933986249839278
previous_application_amount_mean,1314.8057074546814,127,previous_application_amount_mean,numeric_original,internal_previous_application,0.5275695283948321,0.0385252905963425,0.0156004079792013,0.0530548976461597,0.0002204703081341,0.0022914564194919337
previous_days_decision_max,1257.6422867774963,118,previous_days_decision_max,numeric_original,internal_previous_application,0.5226748576891647,0.0412949630027717,0.0120368570439039,0.0530548976461597,0.0001522215809677,0.0021918314433238347
pos_recent_24m_instalment_future_max,1255.3018970489502,74,pos_recent_24m_instalment_future_max,numeric_original,internal_pos_cash_history,0.5168044020843271,0.0432422370479351,0.0108535477175215,0.2024259242196773,0.0001491270153849,0.0021877525889066507
pos_recent_24m_dpd_max,1244.6838459968567,46,pos_recent_24m_dpd_max,numeric_original,internal_pos_cash_history,0.5295549227951036,0.0613286033195873,0.0010938998868097,0.2018026416341927,5.756994861683419e-07,0.00216924734428544
HOUR_APPR_PROCESS_START,1236.4456419944763,119,HOUR_APPR_PROCESS_START,numeric_original,current_application,0.5245624692043418,0.035151686406881,0.0095756084783555,0.0,0.0002402708989102,0.0021548897206918496
bureau_recent_6m_total_debt_to_credit_ratio,1232.9163513183594,95,bureau_recent_6m_total_debt_to_credit_ratio,numeric_original,external_credit_history,0.5444374067480572,0.0729387423432723,0.0390643570976929,0.7297121518424775,0.0003811936686785,0.0021487388379186853
DEF_30_CNT_SOCIAL_CIRCLE,1232.8463435173035,75,DEF_30_CNT_SOCIAL_CIRCLE,numeric_original,current_application,0.518443495679876,0.0386575700657034,0.0081519442646839,0.0033006877787834,5.4903941060290435e-06,0.002148616827629078
installment_total_payment_ratio,1219.6347970962524,80,installment_total_payment_ratio,numeric_original,internal_repayment_history,0.5563626798596734,0.0907238233033916,0.0494655648723456,0.0512609277696781,3.9507277668213224e-05,0.0021255916135717555
document_flag_count,1203.5380291938782,74,document_flag_count,numeric_original,current_application,0.5111016693060655,0.0335394218506504,0.0059983524477598,0.0,1.6795464988432894e-07,0.0020975380069180602
COMMONAREA_MEDI,1203.286259174347,112,COMMONAREA_MEDI,numeric_original,current_application,0.519865700143551,0.0378391570068853,0.0136137152533609,0.6979030605884872,4.788560478215696e-05,0.0020970992196324414
bureau_credit_card_debt_sum,1202.634033203125,104,bureau_credit_card_debt_sum,numeric_original,external_credit_history,0.5470027769954302,0.0879505107789524,0.0361938125747138,0.0,6.195485301908349e-05,0.0020959625137448395
installment_recent_12m_late_ratio,1200.2919569015503,89,installment_recent_12m_late_ratio,numeric_original,internal_repayment_history,0.5747510925225229,0.141454632186787,0.0549066525857668,0.2931433495748128,0.0002393308912801,0.0020918807199514643
installment_recent_24m_late_days_max,1183.849648475647,52,installment_recent_24m_late_days_max,numeric_original,internal_repayment_history,0.5814191594476397,0.1401913911615687,0.080681099640253,0.1806327131219953,0.0001019104536978,0.002063224901848316
credit_card_drawings_mean,1173.4655289649963,74,credit_card_drawings_mean,numeric_original,internal_credit_card_history,0.6068777266138399,0.1886023867532188,0.0444044304279235,0.7177397063526045,0.0002788656445474,0.0020451273554362944
AMT_INCOME_TOTAL,1167.8040549755096,114,AMT_INCOME_TOTAL,numeric_original,current_application,0.5178974551454787,0.0356695296431434,0.0103122842625806,0.0,9.0126905052515e-05,0.002035260482450087
installment_recent_12m_late_days_max,1164.6298460960388,61,installment_recent_12m_late_days_max,numeric_original,internal_repayment_history,0.578337025200752,0.1420628145054602,0.0658973951528898,0.2932409068490626,0.0001809125673071,0.0020297284397517382
installment_recent_6m_late_days_max,1152.6694521903992,54,installment_recent_6m_late_days_max,numeric_original,internal_repayment_history,0.5674144697019843,0.1262515939074906,0.0487900624729357,0.4081850553095547,0.0002449486564706,0.0020088837466998755
REGION_RATING_CLIENT_W_CITY,1141.6937255859375,77,REGION_RATING_CLIENT_W_CITY,numeric_original,current_application,0.5470882733545275,0.0630970349981174,0.0263587711962614,0.0,0.0001095644926672,0.001989755141580667
FLAG_DOCUMENT_3,1128.4563083648682,39,FLAG_DOCUMENT_3,numeric_original,current_application,0.5370074983531514,0.0741601092165911,0.0,0.0,0.0,0.001966684839636638
installment_payment_ratio_min,1121.8560094833374,106,installment_payment_ratio_min,numeric_original,internal_repayment_history,0.5397271479906272,0.0827346479253965,0.0309141701823303,0.0512934468610947,4.1370217005556576e-05,0.001955181773322811
bureau_recent_24m_active_loan_count,1113.2683715820312,50,bureau_recent_24m_active_loan_count,numeric_original,external_credit_history,0.5538546589167669,0.0912503617739017,0.05982867726706,0.0,4.5837026742495915e-05,0.0019402151528665349
previous_revolving_credit_mean,1110.6358275413513,105,previous_revolving_credit_mean,numeric_original,internal_previous_application,0.5276472527923294,0.0482936282724285,0.0204899935238786,0.6622783959416174,0.0003865327426119,0.0019356271290182894
previous_recent_24m_credit_sum,1098.359519481659,99,previous_recent_24m_credit_sum,numeric_original,internal_previous_application,0.5232659132602209,0.0382228144393407,0.0073651205980007,0.0,0.0002535577425458,0.0019142318576473578
NONLIVINGAREA_AVG,1085.678141117096,104,NONLIVINGAREA_AVG,numeric_original,current_application,0.5154124227249814,0.0269379119599402,0.0222543418535068,0.5522554699821687,9.8657269110177e-05,0.0018921306257339834
credit_card_recent_24m_utilization_max,1081.3081994056702,53,credit_card_recent_24m_utilization_max,numeric_original,internal_credit_card_history,0.6380653856748078,0.2387633144269076,0.072899115914931,0.7433647503888742,0.0001095875101973,0.001884514648003831
bureau_sum_debt,1071.7236700057983,102,bureau_sum_debt,numeric_original,external_credit_history,0.5513478806207726,0.0867392224051053,0.0460827315094835,0.1429430861701724,9.360716311389072e-05,0.001867810635162525
bureau_annuity_mean,1071.665202140808,103,bureau_annuity_mean,numeric_original,external_credit_history,0.525128925722714,0.0658547394637355,0.0067264395188932,0.7407903223183945,0.0002884518151339,0.0018677087367878784
previous_cash_refusal_rate,1044.7295928001404,66,previous_cash_refusal_rate,numeric_original,internal_previous_application,0.5830764336058222,0.147943519948825,0.0564932228887329,0.5140888963562358,0.0002851193131879,0.0018207650898393977
previous_recent_6m_credit_to_application_mean,1043.9094290733337,81,previous_recent_6m_credit_to_application_mean,numeric_original,internal_previous_application,0.556122639008884,0.0975979011214721,0.0184130386108326,0.7992488089882769,0.0001826962891116,0.0018193357003667403
pos_recent_12m_active_month_count,1033.4529776573181,64,pos_recent_12m_active_month_count,numeric_original,internal_pos_cash_history,0.5122809518843621,0.0319341887248109,0.0052860284895645,0.0,0.0003151055530701,0.0018011120931930847
installment_recent_6m_late_ratio,1012.8149194717407,64,installment_recent_6m_late_ratio,numeric_original,internal_repayment_history,0.5639845182939879,0.1261906437907346,0.0465142121272831,0.40803871939818,0.0003115129325448,0.001765143880819912
YEARS_BUILD_MEDI,989.3765802383423,88,YEARS_BUILD_MEDI,numeric_original,current_application,0.529200599201706,0.0463163676059712,0.0194677717191952,0.6647823659806945,9.286532311971752e-05,0.0017242953108798156
installment_shortfall_amount_max,966.9062027931213,82,installment_shortfall_amount_max,numeric_original,internal_repayment_history,0.5400547447525615,0.0825773218388326,0.0285566111307952,0.0512771873153864,0.0001305989907369,0.001685133714338729
credit_card_recent_12m_balance_max,958.4668383598328,63,credit_card_recent_12m_balance_max,numeric_original,internal_credit_card_history,0.6012625426638383,0.1952850429404911,0.0462692244339326,0.7177397063526045,0.0001762405007091,0.0016704255063522211
installment_shortfall_ratio,946.4973330497742,68,installment_shortfall_ratio,numeric_original,internal_repayment_history,0.5531477018834936,0.0930320178804485,0.0474446252011094,0.0512446682239698,8.161406445847078e-05,0.0016495649338544235
bureau_recent_6m_credit_sum,939.8246068954468,73,bureau_recent_6m_credit_sum,numeric_original,external_credit_history,0.5388562569007588,0.0782331388939376,0.0185507051103766,0.0,3.3203257235171315e-05,0.0016379356405716574
installment_recent_24m_record_count,929.0735788345337,89,installment_recent_24m_record_count,numeric_original,internal_repayment_history,0.5137422845152173,0.0207981608431706,0.0033000238509186,0.0,0.0003886329795779,0.001619198642301389
installment_recent_24m_payment_ratio_mean,913.7133545875549,70,installment_recent_24m_payment_ratio_mean,numeric_original,internal_repayment_history,0.5690329103610403,0.1200050203275063,0.0591761009583304,0.1806381329705648,0.0001629857530612,0.001592428691231042
previous_refused_cnt_payment_mean,908.9853792190552,84,previous_refused_cnt_payment_mean,numeric_original,internal_previous_application,0.5270404671392657,0.0619847008190404,0.0436616827897005,0.7026616876324475,0.0001701576851622,0.0015841887288944607
installment_recent_24m_payment_ratio_min,907.4070467948914,66,installment_recent_24m_payment_ratio_min,numeric_original,internal_repayment_history,0.56389658151407,0.1235704499208379,0.0481966574547642,0.1806381329705648,0.0001801123235589,0.001581437995500974
bureau_limit_to_credit_mean,873.7240586280823,79,bureau_limit_to_credit_mean,numeric_original,external_credit_history,0.5265767845944445,0.0647042884856257,0.0429979750106901,0.2178995918854027,8.152562291811703e-05,0.001522734949853322
installment_recent_6m_late_days_mean,860.5467467308044,57,installment_recent_6m_late_days_mean,numeric_original,internal_repayment_history,0.5664382231407866,0.1262665031500831,0.0499648492563664,0.4081850553095547,0.0002237085382417,0.0014997694000633691
credit_card_utilization_max,858.1803436279297,69,credit_card_utilization_max,numeric_original,internal_credit_card_history,0.6071177681221248,0.1782940565138157,0.0424448421694499,0.7205851268515557,0.0002176106437372,0.001495645209279557
catfreq__OCCUPATION_TYPE,855.6996207237244,79,OCCUPATION_TYPE,category_frequency_train,current_application,0.5198158667717945,0.0669894660828758,0.0531892975608587,0.0,0.0001220340412094,0.0014913217808128322
installment_payment_ratio_mean,853.4744114875793,78,installment_payment_ratio_mean,numeric_original,internal_repayment_history,0.5553398899610125,0.0903170877058039,0.0491230441622241,0.0512934468610947,0.000173341167687,0.0014874436640994904
installment_recent_12m_total_payment_ratio,851.4264688491821,73,installment_recent_12m_total_payment_ratio,numeric_original,internal_repayment_history,0.5666620890443281,0.1168819334558868,0.0343062173806194,0.2931433495748128,0.0001553346195452,0.001483874489369795
bureau_balance_months_min,813.0947046279907,76,bureau_balance_months_min,numeric_original,external_credit_monthly_status,0.5754576788194894,0.1176355750011724,0.0232028281200315,0.7008785574531048,0.0002200533897432,0.0014170695107352405
bureau_recent_12m_debt_sum,812.9365618228912,70,bureau_recent_12m_debt_sum,numeric_original,external_credit_history,0.5494791138611747,0.0906483384936606,0.0375534442717927,0.0,5.1794823855736215e-05,0.0014167938978869794
application_missing_field_count,807.6552302837372,72,application_missing_field_count,numeric_original,current_application,0.5429579268718098,0.0797626555000395,0.0415109323258813,0.0,0.0001194214259068,0.0014075895409312374
credit_card_utilization_mean,806.849009513855,61,credit_card_utilization_mean,numeric_original,internal_credit_card_history,0.6281175591976912,0.1993854894432286,0.0621345639848212,0.7205851268515557,0.00011931151332,0.0014061844513821125
LIVINGAPARTMENTS_AVG,803.5932898521423,79,LIVINGAPARTMENTS_AVG,numeric_original,current_application,0.5377274986187406,0.0578588898657669,0.0170853064447963,0.6829767976282742,0.0001761583734379,0.0014005103508845265
bureau_balance_month_count,778.065908908844,66,bureau_balance_month_count,numeric_original,external_credit_monthly_status,0.503234067894564,0.0259565146008617,0.0043166601762111,0.0,1.4887136529665572e-05,0.0013560209783455399
pos_recent_24m_active_month_count,762.915693283081,64,pos_recent_24m_active_month_count,numeric_original,internal_pos_cash_history,0.5059722519189721,0.0232181342473907,0.0045068150069824,0.0,0.0001853776284781,0.0013296170323818827
credit_card_balance_max,754.1129803657532,63,credit_card_balance_max,numeric_original,internal_credit_card_history,0.5834008660407461,0.1303753848955312,0.0225405958445976,0.7177397063526045,0.0002434298469285,0.0013142755770558297
installment_recent_12m_payment_ratio_min,749.3195595741272,66,installment_recent_12m_payment_ratio_min,numeric_original,internal_repayment_history,0.5609973296877069,0.1202956088664452,0.0509289636926097,0.2932409068490626,0.000157647818648,0.00130592155578712
bureau_sum_overdue_amount,746.5525393486023,36,bureau_sum_overdue_amount,numeric_original,external_credit_history,0.5086813292102071,0.0180676601082795,0.0108715054966376,0.1429430861701724,3.4987664289120174e-05,0.0013010991655109797
bureau_sum_credit_limit,744.1631999015808,75,bureau_sum_credit_limit,numeric_original,external_credit_history,0.523333632221468,0.0578797880356553,0.0478446248170011,0.1429430861701724,6.83706612544722e-05,0.0012969350010392405
FLAG_WORK_PHONE,732.9610846042633,55,FLAG_WORK_PHONE,numeric_original,current_application,0.5219934501774668,0.0443863472706305,0.0,0.0,0.0,0.0012774118434621263
credit_card_recent_12m_utilization_mean,730.12415599823,42,credit_card_recent_12m_utilization_mean,numeric_original,internal_credit_card_history,0.6383638410574236,0.2425286599856236,0.0672704053484884,0.7676619315256332,9.774756589807409e-05,0.0012724676161674942
DEF_60_CNT_SOCIAL_CIRCLE,728.6248877048492,48,DEF_60_CNT_SOCIAL_CIRCLE,numeric_original,current_application,0.5158403853837968,0.0337541317210143,0.0028625980193571,0.0033006877787834,2.93453371602366e-06,0.0012698546765248311
ENTRANCES_AVG,721.446209192276,66,ENTRANCES_AVG,numeric_original,current_application,0.52906329862462,0.0491142651087816,0.0282858548542582,0.5044144666598015,0.0001026513139026,0.001257343604457043
previous_insured_on_approval_rate,712.3599691390991,69,previous_insured_on_approval_rate,numeric_original,internal_previous_application,0.5054574181733382,0.0210092836440048,0.0061439677963384,0.0571848222560661,0.0005718254289992,0.0012415080152282712
credit_card_months_min,711.8890895843506,59,credit_card_months_min,numeric_original,internal_credit_card_history,0.5604721722854216,0.1012332389635126,0.0158118947208048,0.7177397063526045,0.0003315061673928,0.0012406873616728309
bureau_active_loan_count,703.5623207092285,50,bureau_active_loan_count,numeric_original,external_credit_history,0.5304967191790703,0.0597152957843393,0.0274372696086099,0.0,7.194956100454478e-05,0.0012261753863411586
installment_late_days_max,701.6622395515442,69,installment_late_days_max,numeric_original,internal_repayment_history,0.5489284913281623,0.0875176464333708,0.033777813425703,0.0512771873153864,0.0002522638701846,0.0012228639060656737
pos_def_dpd_month_ratio,691.6881814002991,46,pos_def_dpd_month_ratio,numeric_original,internal_pos_cash_history,0.5262082304177889,0.0514245910960214,0.0236009583890367,0.0584205477298964,3.090119193450779e-05,0.0012054810186554101
previous_recent_6m_days_decision_max,680.7244682312012,71,previous_recent_6m_days_decision_max,numeric_original,internal_previous_application,0.5077307044546715,0.0243426337091972,0.0065347059517709,0.7068295511823399,0.0003467744837419,0.0011863733506704325
previous_recent_12m_credit_sum,678.3219981193542,63,previous_recent_12m_credit_sum,numeric_original,internal_previous_application,0.5228513313924781,0.0443156846409644,0.0057389640677805,0.0,0.0001630761025193,0.0011821863019458826
pos_months_max,662.4335179328918,53,pos_months_max,numeric_original,internal_pos_cash_history,0.5124892299669819,0.0366105280728025,0.0092788582410299,0.0584205477298964,0.0002492824915574,0.0011544957011880557
previous_recent_12m_refusal_rate,649.3361077308655,50,previous_recent_12m_refusal_rate,numeric_original,internal_previous_application,0.5636081228438232,0.1177141700370638,0.0442834522231262,0.4503297977854498,3.2063780855122866e-05,0.001131669404864584
credit_card_recent_12m_drawings_sum,640.6888604164124,48,credit_card_recent_12m_drawings_sum,numeric_original,internal_credit_card_history,0.5312024228083009,0.0628029684985981,0.0315325841813376,0.0,1.2337159282833295e-05,0.0011165988965322182
FLOORSMAX_AVG,634.0720648765564,40,FLOORSMAX_AVG,numeric_original,current_application,0.5505703617439317,0.0788610506507001,0.0388721003717427,0.4984146942934414,0.0001186409264603,0.001105067079678745
REG_CITY_NOT_LIVE_CITY,632.98970079422,38,REG_CITY_NOT_LIVE_CITY,numeric_original,current_application,0.5223447784627208,0.0467045082227322,0.0,0.0,0.0,0.0011031807248275034
bureau_recent_24m_debt_sum,617.1727395057678,54,bureau_recent_24m_debt_sum,numeric_original,external_credit_history,0.543130732071414,0.0740032379412374,0.0258517027347303,0.0,0.0001305943499436,0.0010756147679140341
credit_card_recent_24m_credit_limit_mean,613.5786800384521,55,credit_card_recent_24m_credit_limit_mean,numeric_original,internal_credit_card_history,0.5095019727337617,0.0304624508666618,0.0042910236119474,0.7177397063526045,0.0002207832117323,0.0010693510054495712
installment_recent_12m_payment_ratio_mean,612.903263092041,49,installment_recent_12m_payment_ratio_mean,numeric_original,internal_repayment_history,0.5662427288196972,0.1157204027199849,0.0399875012563595,0.2932409068490626,0.0001809451357617,0.0010681738821005377
previous_cash_credit_sum,607.7803087234497,60,previous_cash_credit_sum,numeric_original,internal_previous_application,0.512760150554942,0.026933646326192,0.0028103504698816,0.0,0.000160111989036,0.0010592455464475095
installment_recent_24m_shortfall_ratio,598.5832300186157,48,installment_recent_24m_shortfall_ratio,numeric_original,internal_repayment_history,0.5668705617987221,0.1238613289345685,0.0547605679543156,0.1805622550905927,0.0001883512492342,0.0010432167865179814
previous_refused_credit_sum,586.2723779678345,54,previous_refused_credit_sum,numeric_original,internal_previous_application,0.548950779884349,0.0916039785197955,0.0402767667567395,0.0,4.214253760894328e-05,0.0010217613115369752
bureau_balance_bad_month_ratio,585.6089508533478,45,bureau_balance_bad_month_ratio,numeric_original,external_credit_monthly_status,0.5492068020163579,0.0926151449679902,0.0145946764254693,0.7008785574531048,2.1928198701633737e-05,0.0010206050841858644
bureau_balance_closed_month_count,582.4532194137573,53,bureau_balance_closed_month_count,numeric_original,external_credit_monthly_status,0.5098025098248249,0.0281878498165316,0.006636413880574,0.0,1.1209645984119372e-05,0.0010151052441528903
installment_recent_24m_shortfall_amount_sum,540.0119316577911,50,installment_recent_24m_shortfall_amount_sum,numeric_original,internal_repayment_history,0.5530925817324815,0.1063271418350895,0.048658431875053,0.0,0.0001771181853886,0.0009411381471677526
pos_instalment_future_max,523.7358951568604,43,pos_instalment_future_max,numeric_original,internal_pos_cash_history,0.5079310595074226,0.0312005704694204,0.011658351729147,0.0585126851555767,8.155130704159262e-05,0.0009127721094235573
installment_recent_12m_shortfall_amount_sum,518.5250000953674,44,installment_recent_12m_shortfall_amount_sum,numeric_original,internal_repayment_history,0.5429053211722995,0.0869319164138198,0.0267436834156649,0.0,9.889712122292671e-05,0.0009036905098592594
pos_dpd_month_ratio,518.0665197372437,49,pos_dpd_month_ratio,numeric_original,internal_pos_cash_history,0.5268237744337476,0.0519729390543131,0.0190147943210455,0.0584205477298964,6.573169216360956e-06,0.0009028914657465992
previous_recent_6m_credit_mean,517.3493318557739,56,previous_recent_6m_credit_mean,numeric_original,internal_previous_application,0.5041283057477137,0.0201914098383355,0.004806098041396,0.7068295511823399,0.0001394763300888,0.0009016415435979062
installment_shortfall_amount_sum,510.23239850997925,45,installment_shortfall_amount_sum,numeric_original,internal_repayment_history,0.5431295299517283,0.0851981756248491,0.0296548598853709,0.0,0.0001131153535416,0.0008892380816188065
installment_recent_12m_record_count,506.32524061203003,46,installment_recent_12m_record_count,numeric_original,internal_repayment_history,0.5132449252084039,0.0388426015415298,0.0138885667561622,0.0,0.000284109482766,0.0008824286481059595
AMT_REQ_CREDIT_BUREAU_YEAR,504.3676199913025,50,AMT_REQ_CREDIT_BUREAU_YEAR,numeric_original,current_application,0.5174326670186515,0.0288944806580108,0.0154115562637647,0.1346669774046513,7.909394093217207e-05,0.0008790168874839435
installment_late_count,485.7519087791443,43,installment_late_count,numeric_original,internal_repayment_history,0.549344801230559,0.0904443027233604,0.0273449107351312,0.0,0.0002540217869441,0.0008465732414618348
bureau_recent_24m_loan_count,468.1594409942627,34,bureau_recent_24m_loan_count,numeric_original,external_credit_history,0.5390730259565941,0.07480543492995,0.0373694245702099,0.0,7.328048263926088e-05,0.0008159129142273171
installment_recent_6m_total_payment_ratio,465.94174909591675,41,installment_recent_6m_total_payment_ratio,numeric_original,internal_repayment_history,0.5530906240491166,0.0921470550910761,0.0280845082682554,0.40803871939818,0.0001257137467727,0.0008120478988048044
credit_card_recent_6m_credit_limit_mean,455.03209114074707,41,credit_card_recent_6m_credit_limit_mean,numeric_original,internal_credit_card_history,0.5202525071059868,0.0599301358692948,0.0075431685364619,0.7177397063526045,0.0001161501093493,0.0007930344387824639
bureau_annuity_sum,451.8124613761902,41,bureau_annuity_sum,numeric_original,external_credit_history,0.5099898243754992,0.0237245306284697,0.0007536171490741,0.0,2.24508766955665e-05,0.000787423236115369
installment_recent_6m_payment_ratio_min,449.0945086479187,29,installment_recent_6m_payment_ratio_min,numeric_original,internal_repayment_history,0.5469259715535914,0.0924408174264898,0.0270224198498149,0.4081850553095547,0.0001235295057961,0.000782686361159806
credit_card_drawing_count_sum,443.0839786529541,44,credit_card_drawing_count_sum,numeric_original,internal_credit_card_history,0.5267252519319473,0.0530101991285728,0.0196652665304453,0.0,1.4339567302085583e-05,0.0007722111499073594
pos_recent_6m_active_month_ratio,440.4357876777649,37,pos_recent_6m_active_month_ratio,numeric_original,internal_pos_cash_history,0.5126904696672008,0.0269551722178599,0.0041388709460645,0.4611749147728812,0.000338606514573,0.0007675958564265566
catoh__OCCUPATION_TYPE__04_Core_staff,439.6332402229309,23,OCCUPATION_TYPE,category_one_hot_train_top_level,current_application,0.5104942006651011,0.0215058875325637,0.0,0.0,0.0,0.0007661971687673081
bureau_request_total_count,436.1968197822571,42,bureau_request_total_count,numeric_original,current_application,0.5077378981597926,0.0261071405537257,0.0012784752447319,0.0,3.722059775021014e-05,0.000760208141161017
credit_card_recent_24m_balance_mean,429.36396741867065,30,credit_card_recent_24m_balance_mean,numeric_original,internal_credit_card_history,0.6090178336570256,0.1995146824022964,0.0481038959317874,0.7177397063526045,3.900068033931825e-05,0.0007482997783335606
bureau_recent_6m_debt_sum,427.0397901535034,44,bureau_recent_6m_debt_sum,numeric_original,external_credit_history,0.5376358956326418,0.0749195096361826,0.0255055154189287,0.0,5.041819494798954e-05,0.0007442491791582538
catoh__OCCUPATION_TYPE__06_Drivers,422.010048866272,34,OCCUPATION_TYPE,category_one_hot_train_top_level,current_application,0.51319103208898,0.0293473336379758,0.0,0.0,0.0,0.0007354832961873605
pos_recent_24m_def_dpd_month_ratio,418.9122099876404,22,pos_recent_24m_def_dpd_month_ratio,numeric_original,internal_pos_cash_history,0.5244965630342021,0.0518474663263378,0.0010938998868097,0.2018026416341927,5.756994861683419e-07,0.0007300843518834648
catoh__OCCUPATION_TYPE__02_Laborers,417.1828179359436,33,OCCUPATION_TYPE,category_one_hot_train_top_level,current_application,0.5300530976304768,0.0604936249380405,0.0,0.0,0.0,0.0007270703502737894
AMT_REQ_CREDIT_BUREAU_QRT,387.93189096450806,34,AMT_REQ_CREDIT_BUREAU_QRT,numeric_original,current_application,0.5052185554377611,0.0137892560241855,0.0128418381514526,0.1346669774046513,6.665123009302022e-05,0.0006760915448086511
pos_contract_count,374.11952209472656,22,pos_contract_count,numeric_original,internal_pos_cash_history,0.5364214363090668,0.0638404654734087,0.0211984398849248,0.0,0.0001582433038213,0.0006520192114322444
previous_cash_count,370.2243022918701,31,previous_cash_count,numeric_original,internal_previous_application,0.5206201301634771,0.0342907229047466,0.0074391358044197,0.0,0.000362669488276,0.0006452305837498572
installment_recent_12m_shortfall_ratio,368.0391101837158,32,installment_recent_12m_shortfall_ratio,numeric_original,internal_repayment_history,0.5616280530284699,0.1204748263895543,0.0508166703959727,0.2931433495748128,0.0001793696615371,0.000641422209283833
bureau_closed_loan_count,361.61436128616333,29,bureau_closed_loan_count,numeric_original,external_credit_history,0.5536800153092336,0.0909892286830396,0.0339568237049831,0.0,0.0002468269437958,0.0006302250932221598
pos_recent_6m_def_dpd_month_ratio,354.609899520874,23,pos_recent_6m_def_dpd_month_ratio,numeric_original,internal_pos_cash_history,0.5117208426935805,0.0254473357583578,0.0017615028111581,0.4611749147728812,0.0001261466493878,0.0006180176478283991
bureau_loan_count,352.6102809906006,35,bureau_loan_count,numeric_original,external_credit_history,0.5223093782743857,0.0494933281249133,0.0138874549369467,0.0,0.0002161253485013,0.0006145326928333372
credit_card_recent_6m_balance_mean,351.41101837158203,25,credit_card_recent_6m_balance_mean,numeric_original,internal_credit_card_history,0.604173589327999,0.2032906198272655,0.0419018750833933,0.7177397063526045,6.995751134785129e-05,0.0006124426060536512
previous_revolving_credit_sum,350.99333238601685,31,previous_revolving_credit_sum,numeric_original,internal_previous_application,0.5264908884671455,0.0554838511152168,0.006343038100393,0.0,0.0001753952089426,0.0006117146587778456
FLOORSMIN_AVG,349.2837190628052,34,FLOORSMIN_AVG,numeric_original,current_application,0.5333541989212534,0.0621281890692797,0.0191868185793435,0.6783645064956885,0.0001784147176364,0.0006087351277322236
bureau_consumer_credit_count,346.1647515296936,32,bureau_consumer_credit_count,numeric_original,external_credit_history,0.5308650598130344,0.0537436583832506,0.0129926412175467,0.0,0.0001937124919219,0.0006032993601998699
NONLIVINGAPARTMENTS_AVG,344.2370195388794,34,NONLIVINGAPARTMENTS_AVG,numeric_original,current_application,0.507458074999922,0.0193966969327398,0.0113884002448751,0.6937568764328724,7.454102972204719e-05,0.0005999396897783271
previous_revolving_refusal_rate,342.52566862106323,25,previous_revolving_refusal_rate,numeric_original,internal_previous_application,0.5427751650395859,0.0847788682216027,0.0260247418142722,0.6800771786436287,4.43662600318056e-05,0.000596957130435605
catoh__ORGANIZATION_TYPE__03_Self_employed,341.72965002059937,24,ORGANIZATION_TYPE,category_one_hot_train_top_level,current_application,0.5175908924594337,0.0352489215418952,0.0,0.0,0.0,0.0005955698213284678
bureau_recent_12m_overdue_loan_ratio,331.28667879104614,28,bureau_recent_12m_overdue_loan_ratio,numeric_original,external_credit_history,0.5073803849421883,0.015624159253598,0.0203926127090054,0.5061921769905748,1.3786803070025416e-05,0.0005773697075573963
installment_recent_6m_payment_ratio_mean,327.5346989631653,28,installment_recent_6m_payment_ratio_mean,numeric_original,internal_repayment_history,0.5520207587756057,0.0912417453231396,0.025728750567786,0.4081850553095547,0.0001739140189635,0.0005708307199232115
pos_recent_12m_def_dpd_month_ratio,324.48269844055176,22,pos_recent_12m_def_dpd_month_ratio,numeric_original,internal_pos_cash_history,0.5173488976628168,0.0363456293266224,3.1168750387670855e-05,0.3280200751191012,7.453609088130956e-05,0.0005655116631605402
bureau_recent_6m_loan_count,312.91382122039795,23,bureau_recent_6m_loan_count,numeric_original,external_credit_history,0.5436123870323165,0.0780249101523397,0.0315950611787239,0.0,1.0206064743663476e-05,0.0005453493092689109
previous_recent_6m_credit_sum,309.17339158058167,28,previous_recent_6m_credit_sum,numeric_original,internal_previous_application,0.5133688707936824,0.0280064761991345,0.0042896391947462,0.0,3.219479349019704e-05,0.0005388304514169721
ELEVATORS_AVG,306.549596786499,27,ELEVATORS_AVG,numeric_original,current_application,0.5412650604791032,0.0749827778827643,0.0342023696526334,0.5336057710547567,0.000108243856294,0.0005342576758424201
catoh__NAME_INCOME_TYPE__04_State_servant,304.9094080924988,17,NAME_INCOME_TYPE,category_one_hot_train_top_level,current_application,0.5110310723833035,0.0221414510207634,0.0,0.0,0.0,0.0005313991387287344
pos_recent_24m_dpd_month_ratio,301.4649634361267,20,pos_recent_24m_dpd_month_ratio,numeric_original,internal_pos_cash_history,0.5294932584283958,0.0615216701328387,0.0010938998868097,0.2018026416341927,5.756994861683419e-07,0.0005253961264397873
previous_refused_count,298.4933614730835,22,previous_refused_count,numeric_original,internal_previous_application,0.5566519617386005,0.1002013429747052,0.0470266924647641,0.0,2.6680042796819032e-05,0.000520217189083657
previous_recent_24m_application_count,292.4951186180115,25,previous_recent_24m_application_count,numeric_original,internal_previous_application,0.539832807753307,0.0619899409537968,0.0241567594714117,0.0,0.000170308280544,0.000509763391980407
installment_shortfall_count,285.23471117019653,30,installment_shortfall_count,numeric_original,internal_repayment_history,0.5440877525362726,0.084312154438584,0.0218505124316654,0.0,7.726567493459315e-05,0.0004971098819141708
bureau_max_overdue_amount,281.5313982963562,14,bureau_max_overdue_amount,numeric_original,external_credit_history,0.5086810775866277,0.0176903736420388,0.0108715054966376,0.1429430861701724,3.4987664289120174e-05,0.0004906557115298815
pos_completed_month_count,279.53179025650024,23,pos_completed_month_count,numeric_original,internal_pos_cash_history,0.529730372827228,0.0563048976730944,0.0147210673891914,0.0,3.226796287813044e-05,0.00048717077481762313
previous_application_count,278.84249210357666,27,previous_application_count,numeric_original,internal_previous_application,0.516714000574595,0.0306208984988481,0.0074661863643706,0.0,0.0001615199673544,0.00048596945916428726
pos_dpd_max,278.6193914413452,26,pos_dpd_max,numeric_original,internal_pos_cash_history,0.525243325773953,0.0502374767289173,0.010936896507702,0.0584205477298964,2.420659932298009e-05,0.000485580637118745
catfreq__FLAG_OWN_CAR,273.5713996887207,9,FLAG_OWN_CAR,category_frequency_train,current_application,0.5209629165511948,0.043724178027806,0.0,0.0,0.0,0.0004767829470558636
bureau_balance_recent_24m_bad_month_ratio,270.9230532646179,22,bureau_balance_recent_24m_bad_month_ratio,numeric_original,external_credit_monthly_status,0.5486622900878481,0.0910903572956267,0.0136101829818761,0.7047862682716645,0.0001706608213691,0.0004721673826571534
credit_card_active_month_ratio,260.2890992164612,35,credit_card_active_month_ratio,numeric_original,internal_credit_card_history,0.5168547712321491,0.0420001901613493,0.0019165062744712,0.7177397063526045,3.485179120366078e-05,0.0004536344221367711
pos_dpd_month_count,257.5420708656311,32,pos_dpd_month_count,numeric_original,internal_pos_cash_history,0.5243530046979565,0.049411880063177,0.0042511626519949,0.0,1.523227211620382e-05,0.00044884687389801133
bureau_credit_card_count,251.4088373184204,21,bureau_credit_card_count,numeric_original,external_credit_history,0.5129262837330043,0.0327899673188899,0.0073574415928101,0.0,7.125163549083608e-06,0.0004381578136784552
credit_card_recent_24m_drawings_sum,247.20768070220947,20,credit_card_recent_24m_drawings_sum,numeric_original,internal_credit_card_history,0.5312582241987176,0.0649276780335098,0.0241303461260889,0.0,3.3279255010521264e-06,0.00043083599628526486
previous_canceled_count,246.5884654521942,24,previous_canceled_count,numeric_original,internal_previous_application,0.5137596633976215,0.0255096071133249,0.0048155945027921,0.0,0.0001076652215922,0.0004297568218097892
bureau_balance_recent_24m_status_mean,227.8292965888977,19,bureau_balance_recent_24m_status_mean,numeric_original,external_credit_monthly_status,0.5497943409557557,0.0943094884114403,0.0134110289603003,0.7120813844461186,6.930202822299657e-05,0.0003970631563713042
bureau_recent_12m_loan_count,216.15067148208618,23,bureau_recent_12m_loan_count,numeric_original,external_credit_history,0.5530302064850545,0.0866941761683006,0.0499308957382096,0.0,9.079796143341768e-06,0.0003767095327749712
credit_card_drawings_sum,214.20528173446655,23,credit_card_drawings_sum,numeric_original,internal_credit_card_history,0.523995758833084,0.0503632503280179,0.0046927804802743,0.0,4.238288674894338e-06,0.0003733190882398417
credit_card_active_month_count,205.9160590171814,22,credit_card_active_month_count,numeric_original,internal_credit_card_history,0.5028700427396495,0.0225208019152407,0.0075715880680327,0.0,9.40647437089146e-05,0.00035887254872421054
pos_recent_12m_dpd_max,203.37753820419312,13,pos_recent_12m_dpd_max,numeric_original,internal_pos_cash_history,0.5211352560135525,0.0432584919555872,3.1168750387670855e-05,0.3280200751191012,7.453609088130956e-05,0.0003544483894891576
pos_recent_12m_dpd_month_ratio,198.0073103904724,15,pos_recent_12m_dpd_month_ratio,numeric_original,internal_pos_cash_history,0.5210771708984137,0.0432584919555872,3.1168750387670855e-05,0.3280200751191012,7.453609088130956e-05,0.0003450891032249484
catfreq__NAME_HOUSING_TYPE,196.59029960632324,19,NAME_HOUSING_TYPE,category_frequency_train,current_application,0.515968198515472,0.0334262725826218,0.0098370689654972,0.0,2.8822807910222852e-06,0.0003426195227847222
installment_recent_6m_record_count,185.76044940948486,19,installment_recent_6m_record_count,numeric_original,internal_repayment_history,0.5123713012524836,0.0482281848308614,0.0236502994017078,0.0,8.363584639609658e-05,0.0003237451525146672
pos_recent_6m_dpd_month_ratio,184.79684925079346,11,pos_recent_6m_dpd_month_ratio,numeric_original,internal_pos_cash_history,0.5148574852796712,0.0322447056018954,0.0017615028111581,0.4611749147728812,0.0001261466493878,0.0003220657806067589
installment_recent_6m_shortfall_amount_sum,183.90382957458496,17,installment_recent_6m_shortfall_amount_sum,numeric_original,internal_repayment_history,0.5263341683968363,0.0536501847705852,0.0,0.0,0.0,0.0003205094170633255
pos_recent_6m_contract_count,182.37744045257568,19,pos_recent_6m_contract_count,numeric_original,internal_pos_cash_history,0.5110193148057122,0.0241646323057082,0.00087429893001,0.0,3.708796145676524e-05,0.00031784921097170315
catfreq__NAME_CONTRACT_TYPE,174.99539184570312,10,NAME_CONTRACT_TYPE,category_frequency_train,current_application,0.5160397000956399,0.0338845639892108,0.0,0.0,0.0,0.000304983703487737
bureau_balance_status_mean,174.53141832351685,18,bureau_balance_status_mean,numeric_original,external_credit_monthly_status,0.5494857483818234,0.0937022695562664,0.0135399461444113,0.7062116884454248,2.125459918979606e-05,0.0003041750858342997
FLAG_PHONE,172.56142807006836,19,FLAG_PHONE,numeric_original,current_application,0.5201234376234107,0.0407773896241372,0.0,0.0,0.0,0.00030074176729376795
bureau_balance_recent_6m_status_mean,171.09337091445923,16,bureau_balance_recent_6m_status_mean,numeric_original,external_credit_monthly_status,0.5363805205662652,0.0717444215153421,0.0086589281510745,0.7201786382088484,5.018713331636654e-06,0.0002981832227313824
bureau_closed_total_debt_to_credit_ratio,170.22631931304932,19,bureau_closed_total_debt_to_credit_ratio,numeric_original,external_credit_history,0.5029135176389224,0.0086257317464483,0.0334479244983159,0.2569441809795834,6.838164003398612e-05,0.0002966721166061073
ext_source_available_count,165.671950340271,8,ext_source_available_count,numeric_original,current_application,0.5256794499606974,0.0379596503718214,0.0113088861112149,0.0,7.583389917430664e-05,0.00028873471721680056
installment_recent_6m_shortfall_ratio,163.66888999938965,19,installment_recent_6m_shortfall_ratio,numeric_original,internal_repayment_history,0.5460404886283733,0.0924208783217183,0.0197886186414411,0.40803871939818,0.0001493565720747,0.0002852437638000955
CNT_FAM_MEMBERS,162.28735971450806,14,CNT_FAM_MEMBERS,numeric_original,current_application,0.5050646754792376,0.024625561804022,0.0028863716476591,5.41984856943097e-06,6.717106939567712e-05,0.0002828360191256805
previous_recent_24m_approved_count,158.8286395072937,16,previous_recent_24m_approved_count,numeric_original,internal_previous_application,0.5113384732282008,0.0225216347304592,0.000801819466234,0.0,3.011843348104898e-05,0.000276808127265224
installment_recent_24m_late_count,153.43211841583252,10,installment_recent_24m_late_count,numeric_original,internal_repayment_history,0.5648842380513004,0.1212203455142929,0.0587114191062199,0.0,0.0002184873680836,0.00026740301681594603
bureau_closed_debt_to_credit_mean,151.22994899749756,16,bureau_closed_debt_to_credit_mean,numeric_original,external_credit_history,0.5029123461057405,0.0090433343665389,0.0268773680137145,0.2957665562824175,5.512136074747355e-05,0.0002635650541254575
previous_recent_6m_refusal_rate,146.4492998123169,15,previous_recent_6m_refusal_rate,numeric_original,internal_previous_application,0.5500564473924968,0.0961185915028352,0.0205081052824053,0.7068295511823399,3.900342972906184e-05,0.00025523329133905455
previous_client_type_count,143.37465953826904,10,previous_client_type_count,numeric_original,internal_previous_application,0.508339242798545,0.0246491015803959,0.0046843462063001,0.0,0.0002052940272006,0.0002498747777931752
pos_recent_6m_active_month_count,143.3028507232666,15,pos_recent_6m_active_month_count,numeric_original,internal_pos_cash_history,0.5152398901279232,0.0294446249801008,0.0034865277928909,0.0,0.0002804460269024,0.00024974962867860983
CNT_CHILDREN,139.99052953720093,16,CNT_CHILDREN,numeric_original,current_application,0.5156756171503158,0.0339377070207835,0.0010791752135647,0.0,6.937737548331904e-06,0.00024397688248333903
bureau_balance_recent_12m_status_mean,137.3974003791809,15,bureau_balance_recent_12m_status_mean,numeric_original,external_credit_monthly_status,0.5440035234311429,0.0871503035186617,0.0098308401556266,0.71644978239308,7.905295126448072e-06,0.0002394575512832792
catoh__WALLSMATERIAL_MODE__02_Panel,137.19426918029785,8,WALLSMATERIAL_MODE,category_one_hot_train_top_level,current_application,0.5258673681440753,0.0524448648419668,0.0,0.0,0.0,0.00023910353221640067
previous_recent_12m_application_count,136.19330072402954,14,previous_recent_12m_application_count,numeric_original,internal_previous_application,0.5324182594040018,0.0513909023503018,0.0162603760490948,0.0,8.593990864769871e-05,0.00023735903446907552
bureau_overdue_loan_ratio,134.79714059829712,11,bureau_overdue_loan_ratio,numeric_original,external_credit_history,0.5089280862944717,0.0188081661910878,0.0108715054966376,0.1429430861701724,3.4987664289120174e-05,0.00023492579276301266
AMT_REQ_CREDIT_BUREAU_MON,132.69884061813354,14,AMT_REQ_CREDIT_BUREAU_MON,numeric_original,current_application,0.5034354777739389,0.0096447027547243,0.0139752213675809,0.1346669774046513,3.9316370274322225e-05,0.00023126885475893772
bureau_balance_recent_12m_bad_month_ratio,132.27844953536987,16,bureau_balance_recent_12m_bad_month_ratio,numeric_original,external_credit_monthly_status,0.5426117469037037,0.0852841422192645,0.0092936760926518,0.7077617651362821,2.8665275963232183e-05,0.00023053619301292142
previous_revolving_count,130.48096084594727,10,previous_revolving_count,numeric_original,internal_previous_application,0.5343944266073949,0.060202789951565,0.0184028283500103,0.0,4.935425920102646e-05,0.00022740351190803386
credit_card_recent_24m_month_count,125.66638946533203,12,credit_card_recent_24m_month_count,numeric_original,internal_credit_card_history,0.5034222097189108,0.0212022036797339,0.0028109607665091,0.0,0.0001957613214633,0.00021901262918318595
previous_recent_12m_refused_count,123.44520044326782,11,previous_recent_12m_refused_count,numeric_original,internal_previous_application,0.5412650320277221,0.0806368858594364,0.0281595541607975,0.0,2.5671750353423437e-05,0.00021514151893879308
REG_CITY_NOT_WORK_CITY,122.89152240753174,10,REG_CITY_NOT_WORK_CITY,numeric_original,current_application,0.541203561437701,0.0826319196524576,0.0,0.0,0.0,0.00021417656336997733
catoh__OCCUPATION_TYPE__03_Sales_staff,121.47874879837036,11,OCCUPATION_TYPE,category_one_hot_train_top_level,current_application,0.5113830624874954,0.0249320109684297,0.0,0.0,0.0,0.00021171436752031927
previous_recent_24m_refused_count,117.22897911071777,12,previous_recent_24m_refused_count,numeric_original,internal_previous_application,0.5558093627224324,0.1052557543474399,0.0503090512698098,0.0,6.754320718528848e-05,0.00020430782678436084
LIVE_CITY_NOT_WORK_CITY,116.06787061691284,11,LIVE_CITY_NOT_WORK_CITY,numeric_original,current_application,0.5236806362394777,0.0474620755780286,0.0,0.0,0.0,0.00020228423539228618
bureau_recent_12m_active_loan_count,115.66048049926758,7,bureau_recent_12m_active_loan_count,numeric_original,external_credit_history,0.5583843402967847,0.0910400288280729,0.0580771879132771,0.0,2.050649353844826e-05,0.00020157423185714562
installment_recent_6m_late_count,115.45427131652832,14,installment_recent_6m_late_count,numeric_original,internal_repayment_history,0.5371860665628196,0.073466002460114,0.029078548420095,0.0,0.0001332135889162,0.00020121484844949308
catfreq__FONDKAPREMONT_MODE,110.98478031158447,11,FONDKAPREMONT_MODE,category_frequency_train,current_application,0.5253408468465717,0.0502849653016484,0.0119956013158991,0.0,6.119239185574265e-06,0.00019342537522385071
installment_recent_24m_shortfall_count,97.7172794342041,14,installment_recent_24m_shortfall_count,numeric_original,internal_repayment_history,0.5553192586848912,0.105802807469184,0.0457249111841268,0.0,0.000247516475744,0.0001703026431854092
credit_card_def_dpd_month_ratio,97.4992299079895,12,credit_card_def_dpd_month_ratio,numeric_original,internal_credit_card_history,0.5109606801650659,0.0243908706420191,0.0012313867553218,0.7177397063526045,2.827455600423092e-05,0.00016992262430978467
previous_recent_6m_refused_count,96.61179971694946,11,previous_recent_6m_refused_count,numeric_original,internal_previous_application,0.5183480562714243,0.0399902011214712,0.0,0.0,0.0,0.00016837600217650667
bureau_closed_debt_to_credit_max,95.50872039794922,9,bureau_closed_debt_to_credit_max,numeric_original,external_credit_history,0.503063785949417,0.009564188040519,0.026903910050753,0.2957665562824175,5.3725988767714574e-05,0.00016645354460547503
catoh__ORGANIZATION_TYPE__01_Business_Entity_Type_3,92.42500925064087,7,ORGANIZATION_TYPE,category_one_hot_train_top_level,current_application,0.5186546668522609,0.0380118727150869,0.0,0.0,0.0,0.0001610792222517655
catoh__WALLSMATERIAL_MODE__03_Stone_brick,88.53852891921997,9,WALLSMATERIAL_MODE,category_one_hot_train_top_level,current_application,0.5094333771455887,0.0207694568216856,0.0,0.0,0.0,0.00015430582580682308
bureau_balance_recent_6m_bad_month_ratio,84.2172498703003,10,bureau_balance_recent_6m_bad_month_ratio,numeric_original,external_credit_monthly_status,0.5348902430450446,0.0701467990365632,0.0085689319088863,0.7102711550239287,2.4788065524579832e-05,0.00014677465784723745
catoh__NAME_FAMILY_STATUS__02_Single_not_married,83.07661962509155,6,NAME_FAMILY_STATUS,category_one_hot_train_top_level,current_application,0.5172443524658618,0.0363149463961888,0.0,0.0,0.0,0.00014478675614979953
bureau_recent_6m_active_loan_count,83.06865882873535,5,bureau_recent_6m_active_loan_count,numeric_original,external_credit_history,0.542937235134381,0.0789135481358527,0.0284476143236654,0.0,5.349414992015936e-06,0.0001447728819950014
credit_card_recent_6m_month_count,81.2944507598877,12,credit_card_recent_6m_month_count,numeric_original,internal_credit_card_history,0.5089787180245763,0.0207592960010295,0.0021590953662043,0.0,3.0842641401572365e-05,0.00014168077458641268
previous_revolving_credit_to_application_mean,80.88564920425415,7,previous_revolving_credit_to_application_mean,numeric_original,internal_previous_application,0.5051920554859877,0.0137755417617146,0.0247745858410296,0.8133404152687974,1.1020680588719682e-05,0.00014096831118315576
pos_def_dpd_month_count,73.6210994720459,9,pos_def_dpd_month_count,numeric_original,internal_pos_cash_history,0.5243307981393103,0.0498304033556056,0.0099427317768151,0.0,3.2755379430997224e-06,0.00012830758190262003
installment_recent_12m_late_count,71.52757978439331,7,installment_recent_12m_late_count,numeric_original,internal_repayment_history,0.5531239179883789,0.102403577552517,0.0476423864873531,0.0,0.0002031823248626,0.0001246589750397162
installment_recent_12m_shortfall_count,69.01221990585327,5,installment_recent_12m_shortfall_count,numeric_original,internal_repayment_history,0.5439683043115042,0.0880637593989867,0.0298301936720544,0.0,0.0001241445027413,0.00012027518091079415
bureau_balance_bad_month_count,64.9620008468628,7,bureau_balance_bad_month_count,numeric_original,external_credit_monthly_status,0.5127723981635411,0.0289182200550659,0.005759290280753,0.0,3.145195213371721e-06,0.00011321641898844207
bureau_balance_recent_24m_bad_month_count,64.52730083465576,9,bureau_balance_recent_24m_bad_month_count,numeric_original,external_credit_monthly_status,0.5141605528965238,0.031540800302334,0.0,0.0,0.0,0.00011245881949835972
previous_reject_reason_count,57.109960079193115,5,previous_reject_reason_count,numeric_original,internal_previous_application,0.5559977295731346,0.096435746401971,0.0479537566864997,0.0,1.5286825879184413e-05,9.953180450801e-05
bureau_balance_status_max,56.669960021972656,6,bureau_balance_status_max,numeric_original,external_credit_monthly_status,0.5390306322028455,0.0800242708074395,0.000618541224069,0.7062116884454248,3.647753092579763e-05,9.876496804694346e-05
catoh__NAME_FAMILY_STATUS__03_Civil_marriage,53.70039939880371,5,NAME_FAMILY_STATUS,category_one_hot_train_top_level,current_application,0.5119443746011719,0.0280335731722415,0.0,0.0,0.0,9.358958835818021e-05
previous_recent_6m_application_count,49.96033954620361,5,previous_recent_6m_application_count,numeric_original,internal_previous_application,0.5170907691085751,0.0331213015077905,0.0056933478704819,0.0,4.957891497996261e-05,8.707137497506714e-05
credit_card_recent_24m_dpd_max,47.07445955276489,4,credit_card_recent_24m_dpd_max,numeric_original,internal_credit_card_history,0.5116110686955592,0.0366960991260357,0.0011105114910177,0.7177397063526045,2.6406801130569633e-05,8.204183471725195e-05
credit_card_recent_6m_def_dpd_max,42.789650440216064,6,credit_card_recent_6m_def_dpd_max,numeric_original,internal_credit_card_history,0.505927035436499,0.024758456943759,0.0011105114910177,0.7177397063526045,2.6406801130569633e-05,7.457422692426862e-05
previous_cash_refused_count,40.017759799957275,3,previous_cash_refused_count,numeric_original,internal_previous_application,0.5445584219757074,0.0863680724072983,0.0219668538304904,0.0,1.6490727396411414e-05,6.974334844105399e-05
bureau_credit_type_count,38.563379764556885,5,bureau_credit_type_count,numeric_original,external_credit_history,0.5148674054070148,0.038448631652534,0.0009095312254581,0.0,7.60475772125776e-05,6.720864049933782e-05
credit_card_months_max,38.04529094696045,4,credit_card_months_max,numeric_original,internal_credit_card_history,0.519194546740931,0.0358198131423141,0.0023845476546191,0.7177397063526045,2.6418809330624898e-05,6.630571017266121e-05
catoh__FONDKAPREMONT_MODE__02_reg_oper_account,37.48905897140503,4,FONDKAPREMONT_MODE,category_one_hot_train_top_level,current_application,0.517763628191799,0.0364973748864745,0.0,0.0,0.0,6.533630357221329e-05
catfreq__HOUSETYPE_MODE,37.00470018386841,4,HOUSETYPE_MODE,category_frequency_train,current_application,0.5354228643417553,0.0727221535980899,0.0212012117294237,0.0,1.630384629024501e-05,6.449215827626174e-05
catoh__NAME_HOUSING_TYPE__02_With_parents,36.896400451660156,4,NAME_HOUSING_TYPE,category_one_hot_train_top_level,current_application,0.511663202883675,0.0248496370726649,0.0,0.0,0.0,6.430341242948696e-05
catoh__OCCUPATION_TYPE__01_MISSING,35.16643953323364,4,OCCUPATION_TYPE,category_one_hot_train_top_level,current_application,0.5333056818097885,0.0670906325490454,0.0,0.0,0.0,6.128841939323622e-05
FLAG_DOCUMENT_6,31.404720306396484,3,FLAG_DOCUMENT_6,numeric_original,current_application,0.5147192424734939,0.0300175021026406,0.0,0.0,0.0,5.473245783801202e-05
installment_recent_6m_shortfall_count,30.11475944519043,4,installment_recent_6m_shortfall_count,numeric_original,internal_repayment_history,0.5267747225017338,0.0540005019215825,0.0,0.0,0.0,5.2484301262827816e-05
credit_card_def_dpd_max,25.069849491119385,4,credit_card_def_dpd_max,numeric_original,internal_credit_card_history,0.5105633074354856,0.0246886255338942,0.0029988548443918,0.7177397063526045,4.476788793205299e-05,4.369198218901264e-05
credit_card_recent_12m_dpd_max,21.75119972229004,2,credit_card_recent_12m_dpd_max,numeric_original,internal_credit_card_history,0.5123783700254121,0.034993959105075,0.0011105114910177,0.7177397063526045,2.6406801130569633e-05,3.7908206476971524e-05
bureau_balance_recent_12m_status_max,20.886029720306396,2,bureau_balance_recent_12m_status_max,numeric_original,external_credit_monthly_status,0.5421060644564452,0.0851459363737527,0.0008967109995183,0.71644978239308,0.0002103441568735,3.640037962182715e-05
AMT_REQ_CREDIT_BUREAU_WEEK,20.797200202941895,2,AMT_REQ_CREDIT_BUREAU_WEEK,numeric_original,current_application,0.5009382191230674,0.0075001605228863,0.0120973452237332,0.1346669774046513,3.909561276538911e-05,3.624556665847357e-05
credit_card_recent_12m_active_month_ratio,17.27437973022461,2,credit_card_recent_12m_active_month_ratio,numeric_original,internal_credit_card_history,0.5130807980087922,0.0335493530243292,0.0024914743348111,0.7177397063526045,2.8328333891512133e-05,3.010596021992769e-05
pos_recent_24m_dpd_month_count,17.19617986679077,2,pos_recent_24m_dpd_month_count,numeric_original,internal_pos_cash_history,0.524030885506535,0.0489149474554158,0.0,0.0,0.0,2.9969672722807104e-05
credit_card_recent_6m_active_month_count,17.132780075073242,2,credit_card_recent_6m_active_month_count,numeric_original,internal_credit_card_history,0.5107626084206469,0.0252844556773168,0.0028092392375741,0.0,1.3654444565692703e-05,2.98591789373741e-05
pos_recent_12m_dpd_month_count,17.018600463867188,1,pos_recent_12m_dpd_month_count,numeric_original,internal_pos_cash_history,0.5141739830314849,0.0290338859766876,0.0,0.0,0.0,2.9660185579199754e-05
credit_card_recent_12m_def_dpd_month_ratio,16.93890953063965,2,credit_card_recent_12m_def_dpd_month_ratio,numeric_original,internal_credit_card_history,0.5075958434792511,0.0264313955170203,0.0011105114910177,0.7177397063526045,2.6406801130569633e-05,2.952129943086301e-05
bureau_recent_6m_overdue_loan_ratio,16.7363600730896,2,bureau_recent_6m_overdue_loan_ratio,numeric_original,external_credit_history,0.5057469993221295,0.0179158425288353,0.0288345631764755,0.7280265789373845,1.106002382282924e-05,2.9168294228545945e-05
bureau_balance_recent_6m_status_max,15.864800453186035,1,bureau_balance_recent_6m_status_max,numeric_original,external_credit_monthly_status,0.535656212015656,0.0744979981104233,0.0010361188906857,0.7201786382088484,0.0001189647744563,2.7649331483955938e-05
bureau_max_days_overdue,14.597860336303711,3,bureau_max_days_overdue,numeric_original,external_credit_history,0.5086064206746785,0.0178808199442346,0.0108715054966376,0.1429430861701724,3.4987664289120174e-05,2.5441295690164003e-05
DAYS_EMPLOYED_SENTINEL_365243,13.187899589538574,1,DAYS_EMPLOYED_SENTINEL_365243,numeric_original,current_application,0.5330974162564913,0.0671438468290682,0.0,0.0,0.0,2.2984002124971615e-05
catfreq__EMERGENCYSTATE_MODE,12.775300025939941,1,EMERGENCYSTATE_MODE,category_frequency_train,current_application,0.5392909037174805,0.0783409389866509,0.0244438983876019,0.0,3.145920220815879e-06,2.2264919515786757e-05
previous_revolving_approved_count,10.940400123596191,1,previous_revolving_approved_count,numeric_original,internal_previous_application,0.5123318569229471,0.0245681498828631,0.0010060165749777,0.0,2.5486025770968966e-05,1.906703777819502e-05
bureau_recent_12m_max_days_overdue,9.746999740600586,1,bureau_recent_12m_max_days_overdue,numeric_original,external_credit_history,0.5072933946511063,0.0155455298442733,0.0203926127090054,0.5061921769905748,1.3786803070025416e-05,1.698716776155709e-05
credit_card_recent_24m_def_dpd_month_ratio,9.39745044708252,1,credit_card_recent_24m_def_dpd_month_ratio,numeric_original,internal_credit_card_history,0.5075705276313515,0.0249214238504146,0.0011105114910177,0.7177397063526045,2.6406801130569633e-05,1.6377969788031827e-05
credit_card_recent_24m_dpd_month_ratio,8.748680114746094,1,credit_card_recent_24m_dpd_month_ratio,numeric_original,internal_credit_card_history,0.5116081437948531,0.0366960991260357,0.0011105114910177,0.7177397063526045,2.6406801130569633e-05,1.5247286422132717e-05
bureau_balance_recent_24m_status_max,8.089900016784668,1,bureau_balance_recent_24m_status_max,numeric_original,external_credit_monthly_status,0.5460257436708611,0.0931664302676886,0.0010322716981365,0.7120813844461186,0.0001935009992265,1.4099157937484148e-05
pos_recent_12m_def_dpd_month_count,7.089250087738037,1,pos_recent_12m_def_dpd_month_count,numeric_original,internal_pos_cash_history,0.5116686122243483,0.0239950788062087,0.0,0.0,0.0,1.235521532255822e-05
pos_recent_24m_def_dpd_month_count,4.594709873199463,1,pos_recent_24m_def_dpd_month_count,numeric_original,internal_pos_cash_history,0.5199740347689429,0.0412108537165848,0.0,0.0,0.0,8.007705910425383e-06
bureau_balance_recent_6m_bad_month_count,3.5862300395965576,1,bureau_balance_recent_6m_bad_month_count,numeric_original,external_credit_monthly_status,0.5104357971229512,0.0231005450134369,0.0,0.0,0.0,6.2501172602276605e-06
bureau_balance_recent_12m_bad_month_count,0.0,0,bureau_balance_recent_12m_bad_month_count,numeric_original,external_credit_monthly_status,0.5126711638134315,0.027288031763699,0.0,0.0,0.0,0.0
AMT_REQ_CREDIT_BUREAU_DAY,0.0,0,AMT_REQ_CREDIT_BUREAU_DAY,numeric_original,current_application,0.5003835879066123,0.006244493214997,0.0120973452237332,0.1346669774046513,3.909561276538911e-05,0.0
AMT_REQ_CREDIT_BUREAU_HOUR,0.0,0,AMT_REQ_CREDIT_BUREAU_HOUR,numeric_original,current_application,0.5003861145450612,0.0064190076984584,0.0120973452237332,0.1346669774046513,3.909561276538911e-05,0.0
bureau_recent_6m_max_days_overdue,0.0,0,bureau_recent_6m_max_days_overdue,numeric_original,external_credit_history,0.5055081410744376,0.0174810787271634,0.0288345631764755,0.7280265789373845,1.106002382282924e-05,0.0
catoh__WALLSMATERIAL_MODE__01_MISSING,0.0,0,WALLSMATERIAL_MODE,category_one_hot_train_top_level,current_application,0.536481872015348,0.0733098883974566,0.0,0.0,0.0,0.0
credit_card_recent_6m_def_dpd_month_ratio,0.0,0,credit_card_recent_6m_def_dpd_month_ratio,numeric_original,internal_credit_card_history,0.505896259773948,0.024758456943759,0.0011105114910177,0.7177397063526045,2.6406801130569633e-05,0.0
has_bureau_loan_history,0.0,0,has_bureau_loan_history,numeric_original,history_coverage,0.519019936084282,0.0394913254101415,0.0,0.0,0.0,0.0
previous_revolving_refused_count,0.0,0,previous_revolving_refused_count,numeric_original,internal_previous_application,0.5235134766879068,0.0481765673077736,0.0,0.0,0.0,0.0
credit_card_recent_6m_dpd_month_ratio,0.0,0,credit_card_recent_6m_dpd_month_ratio,numeric_original,internal_credit_card_history,0.5106696430329426,0.0314119830223733,0.0011105114910177,0.7177397063526045,2.6406801130569633e-05,0.0
catoh__EMERGENCYSTATE_MODE__01_No,0.0,0,EMERGENCYSTATE_MODE,category_one_hot_train_top_level,current_application,0.5390290682356462,0.0782448976590031,0.0,0.0,0.0,0.0
catoh__HOUSETYPE_MODE__02_block_of_flats,0.0,0,HOUSETYPE_MODE,category_one_hot_train_top_level,current_application,0.5374029632721284,0.075048985090763,0.0,0.0,0.0,0.0
bureau_sum_credit_prolong,0.0,0,bureau_sum_credit_prolong,numeric_original,external_credit_history,0.5019804541826322,0.0087864949913528,0.0108715054966376,0.1429430861701724,3.4987664289120174e-05,0.0
