split,strategy_action,candidate_feature,reason_label,applicant_count,avg_reason_rank,avg_shap_value,avg_pd,bad_rate,avg_feature_value,action_applicant_count,applicant_share_in_action
final_holdout,decline,ext_source_mean,外部综合评分/外部数据风险信号,5663,1.069044675966802,0.7456606462145573,0.31618260318224306,0.31220201306727885,0.2820421821467026,6185,0.9156022635408245
final_holdout,decline,employment_years,就业稳定性相关风险,2643,3.648883844116534,0.15433407068162694,0.3003697556812658,0.2996594778660613,1.8351918476247173,6185,0.4273241713823767
final_holdout,decline,catfreq__CODE_GENDER,模型识别的申请资料风险信号,2241,3.1334225792057118,0.17970251904800855,0.3061374068833953,0.3132530120481928,0.34137457609176636,6185,0.36232821341956345
final_holdout,decline,ext_source_min,外部综合评分/外部数据风险信号,1897,3.0832894043226147,0.19899990970063602,0.34084091340046935,0.3352662098049552,0.05807745992236673,6185,0.3067097817299919
final_holdout,decline,credit_to_annuity_ratio,模型识别的申请资料风险信号,1859,3.4965034965034967,0.17196844789336424,0.3148129547063897,0.3146853146853147,17.143466588821124,6185,0.3005658852061439
final_holdout,decline,goods_to_credit_ratio,模型识别的申请资料风险信号,1755,3.381196581196581,0.17946382770673916,0.3178700235610541,0.33447293447293447,0.7587996227873697,6185,0.2837510105092967
final_holdout,decline,AMT_ANNUITY,模型识别的申请资料风险信号,1525,3.344918032786885,0.1718823348856748,0.3040326628166731,0.29311475409836063,39587.96950819672,6185,0.2465642683912692
final_holdout,decline,installment_payment_sum,历史分期还款表现风险,1236,3.5501618122977345,0.1636003058158788,0.30666904633146647,0.2977346278317152,46859.210386603394,6185,0.1998383185125303
final_holdout,decline,bureau_recent_24m_debt_to_credit_max,征信负债相对授信额度偏高,1161,3.1869078380706286,0.18492237596460762,0.3297360590408944,0.3049095607235142,15.76523040147691,6185,0.18771220695230395
final_holdout,decline,credit_card_recent_6m_utilization_max,近期信用卡额度使用率偏高,1092,2.0851648351648353,0.27251863404057924,0.33029286638878474,0.3498168498168498,1.046468321111176,6185,0.1765561843168957
final_holdout,decline,EXT_SOURCE_3,外部综合评分/外部数据风险信号,918,3.8540305010893245,0.1549398513347934,0.3311972359226188,0.31808278867102396,0.11968502661209221,6185,0.14842360549717057
final_holdout,decline,previous_refusal_rate,历史申请被拒记录较多,836,3.4138755980861246,0.16433395767785233,0.32826058271341196,0.33851674641148327,0.6132530892651047,6185,0.13516572352465642
final_holdout,decline,bureau_credit_card_debt_to_credit_max,征信负债相对授信额度偏高,754,3.6949602122015914,0.16313589809521628,0.3077482687260492,0.253315649867374,24.521107514119592,6185,0.12190784155214228
final_holdout,decline,installment_recent_24m_late_days_mean,近期还款延迟或逾期行为,516,2.546511627906977,0.2154291616284386,0.3288093780659362,0.3236434108527132,7.246177286371704,6185,0.08342764753435732
final_holdout,decline,bureau_max_credit_max_overdue,外部征信历史风险信号,508,3.395669291338583,0.18319694729806044,0.29618252088104774,0.3228346456692913,47864.23295869602,6185,0.08213419563459984
final_holdout,decline,pos_recent_24m_instalment_future_mean,POS/现金贷历史表现风险,432,3.740740740740741,0.14310122096692574,0.2930684583043129,0.30787037037037035,33.54966247523272,6185,0.0698464025869038
final_holdout,decline,id_publish_years,模型识别的申请资料风险信号,427,3.0960187353629975,0.19309022681860719,0.3030899996520608,0.2786885245901639,0.5226922649235859,6185,0.06903799514955537
final_holdout,decline,EXT_SOURCE_1,外部综合评分/外部数据风险信号,387,4.315245478036176,0.13569894492516185,0.2782927397947598,0.28165374677002586,0.09968385342005137,6185,0.06257073565076798
final_holdout,decline,pos_def_dpd_max,近期还款延迟或逾期行为,332,3.3283132530120483,0.17032055571544757,0.3273091852472616,0.28313253012048195,36.75,6185,0.053678253839935325
final_holdout,decline,catoh__NAME_FAMILY_STATUS__01_Married,模型识别的申请资料风险信号,296,4.331081081081081,0.13125077612066774,0.27771898760741875,0.27364864864864863,0.0,6185,0.047857720291026674
final_holdout,decline,DEF_30_CNT_SOCIAL_CIRCLE,模型识别的申请资料风险信号,221,3.02262443438914,0.1882311244149083,0.30136981744613267,0.2850678733031674,2.2941176470588234,6185,0.03573160873080032
final_holdout,decline,DAYS_BIRTH,年龄段相关风险,201,4.318407960199005,0.11471657274022057,0.2647020198195857,0.2736318407960199,-14193.378109452737,6185,0.032497978981406626
final_holdout,decline,EXT_SOURCE_2,外部综合评分/外部数据风险信号,197,2.238578680203046,0.32940477789826283,0.37825074006480036,0.3756345177664975,0.007566730279479323,6185,0.03185125303152789
final_holdout,decline,REGION_RATING_CLIENT_W_CITY,模型识别的申请资料风险信号,194,4.319587628865979,0.1237339833922781,0.28346319221872546,0.25773195876288657,3.0,6185,0.031366208569118835
final_holdout,decline,credit_card_recent_6m_drawings_sum,信用卡历史使用表现风险,190,2.905263157894737,0.22421219091175265,0.3074618342841403,0.3631578947368421,413967.0810032895,6185,0.030719482619240096
final_holdout,decline,ext_source_max,外部综合评分/外部数据风险信号,178,4.584269662921348,0.1068757601175314,0.26716270211608945,0.24157303370786518,0.3012004749263438,6185,0.02877930476960388
final_holdout,decline,FLAG_WORK_PHONE,模型识别的申请资料风险信号,168,4.339285714285714,0.11866305496611625,0.2709084026041698,0.20238095238095238,1.0,6185,0.027162489894907032
final_holdout,decline,installment_late_ratio,近期还款延迟或逾期行为,167,4.005988023952096,0.14170170179658473,0.3191133433078157,0.2994011976047904,0.4956464216023862,6185,0.02700080840743735
final_holdout,decline,pos_recent_6m_instalment_future_mean,POS/现金贷历史表现风险,152,3.1315789473684212,0.1750698496287039,0.2913143814929315,0.3026315789473684,46.06341636808295,6185,0.024575586095392076
final_holdout,decline,pos_instalment_future_mean,POS/现金贷历史表现风险,150,4.1866666666666665,0.12600362084353928,0.26761117694881276,0.29333333333333333,27.79444627126058,6185,0.024252223120452707
final_holdout,decline,bureau_consumer_credit_debt_sum,外部征信历史风险信号,146,3.4657534246575343,0.16348150103466128,0.29811093048615,0.273972602739726,3139307.495719178,6185,0.023605497170573968
final_holdout,decline,credit_card_recent_12m_balance_max,信用卡历史使用表现风险,128,3.84375,0.1605567308896478,0.2859214077045308,0.3515625,641118.0816650391,6185,0.020695230396119646
final_holdout,decline,pos_recent_12m_instalment_future_mean,POS/现金贷历史表现风险,128,4.15625,0.12015468544824405,0.2725427576109774,0.1875,34.21852144598961,6185,0.020695230396119646
final_holdout,decline,annuity_to_income_ratio,还款压力相对收入偏高,126,4.261904761904762,0.12721584144925374,0.3043405942158794,0.2777777777777778,0.3983095834652583,6185,0.020371867421180277
final_holdout,decline,REG_CITY_NOT_LIVE_CITY,模型识别的申请资料风险信号,113,3.9646017699115044,0.13550822453208886,0.2736681209802888,0.2831858407079646,1.0,6185,0.018270008084074373
final_holdout,decline,pos_recent_24m_dpd_max,近期还款延迟或逾期行为,111,3.8018018018018016,0.15337243427348488,0.3042187937145742,0.34234234234234234,417.5855855855856,6185,0.017946645109135004
final_holdout,decline,bureau_recent_6m_total_debt_to_credit_ratio,征信负债相对授信额度偏高,110,3.7545454545454544,0.14726512277165407,0.2928731387874737,0.2818181818181818,0.002422931613876823,6185,0.01778496362166532
final_holdout,decline,AMT_GOODS_PRICE,模型识别的申请资料风险信号,105,4.628571428571429,0.11709043664079831,0.26691659681622265,0.26666666666666666,515271.4285714286,6185,0.016976556184316895
final_holdout,decline,previous_credit_to_application_mean,历史申请与授信表现风险,103,4.058252427184466,0.12856294006708868,0.26723721753309054,0.22330097087378642,1.1649489101854342,6185,0.016653193209377526
final_holdout,decline,bureau_credit_card_debt_sum,外部征信历史风险信号,93,3.182795698924731,0.19937770785342085,0.30524627244137004,0.2903225806451613,1269623.7614247312,6185,0.015036378334680679
final_holdout,decline,bureau_recent_12m_credit_sum,外部征信历史风险信号,79,4.3164556962025316,0.12093435499789112,0.26316887036189546,0.25316455696202533,1546408.7381329115,6185,0.012772837510105092
final_holdout,decline,installment_recent_6m_late_days_max,近期还款延迟或逾期行为,76,3.736842105263158,0.14903743731188085,0.31654460612199764,0.34210526315789475,28.355263157894736,6185,0.012287793047696038
final_holdout,decline,pos_recent_6m_instalment_future_max,POS/现金贷历史表现风险,71,3.8732394366197185,0.13554468383202328,0.2774625340753433,0.2676056338028169,46.19718309859155,6185,0.011479385610347614
final_holdout,decline,bureau_days_credit_max,外部征信历史风险信号,70,3.5285714285714285,0.1804872431537887,0.3495424409849774,0.37142857142857144,-7.414285714285715,6185,0.01131770412287793
final_holdout,decline,bureau_sum_overdue_amount,外部征信历史风险信号,68,2.3529411764705883,0.32949336132677726,0.43234270927376484,0.3382352941176471,46996.9815530216,6185,0.01099434114793856
final_holdout,decline,bureau_recent_24m_credit_sum,外部征信历史风险信号,66,4.106060606060606,0.13966746670241947,0.3032765992486804,0.24242424242424243,5361801.621212121,6185,0.01067097817299919
final_holdout,decline,previous_recent_6m_credit_to_application_mean,历史申请与授信表现风险,63,4.0476190476190474,0.1325105902431939,0.28235520162069216,0.19047619047619047,1.3708390716522458,6185,0.010185933710590138
final_holdout,decline,bureau_recent_24m_active_loan_count,外部征信历史风险信号,60,4.3,0.12400496628176695,0.2716162831602991,0.2833333333333333,6.65,6185,0.009700889248181084
final_holdout,decline,pos_recent_6m_def_dpd_month_ratio,近期还款延迟或逾期行为,58,3.9655172413793105,0.13308128103628986,0.30252184766261153,0.3103448275862069,0.25964696756724653,6185,0.009377526273241715
final_holdout,decline,previous_cnt_payment_mean,历史申请与授信表现风险,54,4.222222222222222,0.12108697234579664,0.2699935460928209,0.24074074074074073,37.80154041007713,6185,0.008730800323362976
final_holdout,decline,OWN_CAR_AGE,年龄段相关风险,54,4.7592592592592595,0.10502331220872596,0.256473437363685,0.16666666666666666,,6185,0.008730800323362976
final_holdout,decline,installment_late_days_mean,近期还款延迟或逾期行为,49,4.224489795918367,0.13656605560494928,0.29306048927247086,0.20408163265306123,14.910909175872803,6185,0.007922392886014552
final_holdout,decline,bureau_active_loan_count,外部征信历史风险信号,46,4.021739130434782,0.1522431397116666,0.3022421216883619,0.2608695652173913,11.91304347826087,6185,0.007437348423605497
final_holdout,decline,bureau_recent_12m_overdue_loan_ratio,外部征信历史风险信号,45,2.0,0.41506290387670497,0.4140710367879334,0.4222222222222222,1.0,6185,0.007275666936135812
final_holdout,decline,DEF_60_CNT_SOCIAL_CIRCLE,模型识别的申请资料风险信号,44,4.431818181818182,0.11116914891552003,0.23733955154000988,0.20454545454545456,1.7954545454545454,6185,0.0071139854486661274
final_holdout,decline,catoh__OCCUPATION_TYPE__06_Drivers,模型识别的申请资料风险信号,41,4.2926829268292686,0.12295195715810606,0.24446726078951372,0.24390243902439024,1.0,6185,0.006628940986257073
final_holdout,decline,bureau_max_overdue_amount,外部征信历史风险信号,36,4.333333333333333,0.16125507589857777,0.4027717852791166,0.3888888888888889,25648.591200086805,6185,0.00582053354890865
final_holdout,decline,installment_last_due_day,历史分期还款表现风险,30,3.7666666666666666,0.1795758274272347,0.3453944653000532,0.26666666666666666,-2784.9333333333334,6185,0.004850444624090542
final_holdout,decline,credit_card_recent_12m_drawings_sum,信用卡历史使用表现风险,27,4.333333333333333,0.14131746068245735,0.2546500894067795,0.3333333333333333,956230.7916666666,6185,0.004365400161681488
final_holdout,decline,feature_store_missing_field_count,模型识别的申请资料风险信号,21,2.380952380952381,0.2488955692459936,0.2994102085646407,0.14285714285714285,287.85714285714283,6185,0.003395311236863379
final_holdout,decline,credit_card_months_min,信用卡历史使用表现风险,20,3.85,0.14007017046115772,0.2771294050611241,0.25,-2.5,6185,0.0032336297493936943
final_holdout,decline,installment_recent_6m_total_payment_ratio,历史分期还款表现风险,20,4.15,0.12177171224323698,0.2865627399589418,0.3,0.5814132645726204,6185,0.0032336297493936943
final_holdout,decline,installment_recent_6m_late_ratio,近期还款延迟或逾期行为,19,4.2105263157894735,0.110058077352867,0.27852014814897225,0.3157894736842105,0.43356248030537053,6185,0.0030719482619240095
final_holdout,decline,bureau_mean_credit,外部征信历史风险信号,18,3.8333333333333335,0.14427625652794968,0.2863111980877194,0.1111111111111111,19044.434516059027,6185,0.002910266774454325
final_holdout,decline,bureau_recent_6m_loan_count,外部征信历史风险信号,18,4.166666666666667,0.14147196715803234,0.2985926640429376,0.3888888888888889,5.555555555555555,6185,0.002910266774454325
final_holdout,decline,credit_card_drawings_mean,信用卡历史使用表现风险,18,4.555555555555555,0.1265482496424769,0.2621831268321882,0.2222222222222222,58178.432725694445,6185,0.002910266774454325
final_holdout,decline,installment_recent_12m_total_payment_ratio,历史分期还款表现风险,17,4.294117647058823,0.12678827681612675,0.32761537140545155,0.23529411764705882,0.461855386986452,6185,0.00274858528698464
final_holdout,decline,credit_card_recent_24m_utilization_max,近期信用卡额度使用率偏高,17,4.352941176470588,0.12207590893807764,0.300272272751807,0.35294117647058826,1.1706689035191256,6185,0.00274858528698464
final_holdout,decline,pos_recent_12m_active_month_ratio,POS/现金贷历史表现风险,17,4.294117647058823,0.10476618200911432,0.2693457288843617,0.29411764705882354,0.27450980859644275,6185,0.00274858528698464
final_holdout,decline,previous_annuity_mean,历史申请与授信表现风险,15,4.733333333333333,0.12284309060541984,0.281228001372714,0.4,3702.061946614583,6185,0.002425222312045271
final_holdout,decline,pos_recent_24m_active_month_ratio,POS/现金贷历史表现风险,13,4.846153846153846,0.10630256226808504,0.259903613752628,0.23076923076923078,0.5223713654738206,6185,0.0021018593371059015
final_holdout,decline,application_missing_field_count,模型识别的申请资料风险信号,12,4.583333333333333,0.12816200521916174,0.2758460140164238,0.25,59.0,6185,0.0019401778496362166
final_holdout,decline,credit_card_recent_6m_month_count,信用卡历史使用表现风险,11,3.0,0.2127482235585388,0.2795046183382167,0.36363636363636365,11.545454545454545,6185,0.0017784963621665319
final_holdout,decline,pos_dpd_month_count,近期还款延迟或逾期行为,11,3.727272727272727,0.14077477226310953,0.2510710277420032,0.09090909090909091,50.09090909090909,6185,0.0017784963621665319
final_holdout,decline,previous_recent_6m_credit_sum,历史申请与授信表现风险,10,4.4,0.12669847447835275,0.30378789124297245,0.4,1918073.25,6185,0.0016168148746968471
final_holdout,decline,YEARS_BEGINEXPLUATATION_MEDI,模型识别的申请资料风险信号,10,4.2,0.11942839204317075,0.2495846725882213,0.3,0.9629500031471252,6185,0.0016168148746968471
final_holdout,decline,bureau_recent_6m_credit_sum,外部征信历史风险信号,10,4.6,0.11677923134103337,0.2651120182630927,0.3,947022.19375,6185,0.0016168148746968471
final_holdout,decline,installment_recent_12m_late_days_mean,近期还款延迟或逾期行为,10,4.5,0.10105790833485236,0.21962187002018138,0.2,3.330788564682007,6185,0.0016168148746968471
final_holdout,decline,previous_canceled_count,历史申请与授信表现风险,9,3.888888888888889,0.15115325209523067,0.3079208617505042,0.1111111111111111,19.22222222222222,6185,0.0014551333872271624
final_holdout,decline,previous_recent_24m_credit_to_application_mean,历史申请与授信表现风险,9,4.777777777777778,0.11450876686033043,0.29843331278305096,0.3333333333333333,1.5560008817248874,6185,0.0014551333872271624
final_holdout,decline,pos_recent_6m_contract_count,POS/现金贷历史表现风险,9,3.888888888888889,0.1108787529676087,0.29522808917261334,0.3333333333333333,3.3333333333333335,6185,0.0014551333872271624
final_holdout,decline,registration_age_years,年龄段相关风险,9,4.444444444444445,0.10896038625027783,0.23805867195815666,0.2222222222222222,0.3373640605972873,6185,0.0014551333872271624
final_holdout,decline,previous_refused_days_decision_max,历史申请被拒记录较多,8,4.5,0.10363068688487384,0.24886446392133857,0.375,-123.25,6185,0.0012934518997574779
final_holdout,decline,previous_approved_credit_sum,历史申请与授信表现风险,6,4.166666666666667,0.13490921416488555,0.23789939053492695,0.16666666666666666,3817064.25,6185,0.0009700889248181083
final_holdout,decline,credit_to_income_ratio,还款压力相对收入偏高,6,4.166666666666667,0.13186441655011108,0.3039524482296225,0.16666666666666666,13.190718491872152,6185,0.0009700889248181083
final_holdout,decline,credit_card_drawing_count_sum,信用卡历史使用表现风险,6,4.666666666666667,0.1198367166265538,0.27733475099524946,0.3333333333333333,297.0,6185,0.0009700889248181083
final_holdout,decline,bureau_sum_credit,外部征信历史风险信号,6,4.0,0.11885465754622199,0.25135737513025463,0.0,20252.25,6185,0.0009700889248181083
final_holdout,decline,bureau_consumer_credit_credit_sum,外部征信历史风险信号,5,4.2,0.13657054361575588,0.22081987686675797,0.0,10933246.0,6185,0.0008084074373484236
final_holdout,decline,installment_early_days_mean,历史分期还款表现风险,5,4.2,0.12440553524364203,0.29452808501946837,0.0,0.869536679983139,6185,0.0008084074373484236
final_holdout,decline,DAYS_LAST_PHONE_CHANGE,模型识别的申请资料风险信号,5,4.6,0.11336586375823358,0.21957735512809654,0.0,0.0,6185,0.0008084074373484236
final_holdout,decline,AMT_INCOME_TOTAL,模型识别的申请资料风险信号,5,4.8,0.10729441022144921,0.2064985342731438,0.6,513000.0,6185,0.0008084074373484236
final_holdout,decline,installment_recent_24m_late_ratio,近期还款延迟或逾期行为,4,4.5,0.11949390598205262,0.21752131393671162,0.0,0.3923611119389534,6185,0.0006467259498787389
final_holdout,decline,installment_first_due_day,历史分期还款表现风险,4,5.0,0.11656547097289915,0.2507946010116113,0.0,-120.25,6185,0.0006467259498787389
final_holdout,decline,bureau_consumer_credit_debt_to_credit_mean,征信负债相对授信额度偏高,4,4.75,0.11007230738855547,0.2641390909604978,0.0,0.9610692709684372,6185,0.0006467259498787389
final_holdout,decline,credit_card_recent_6m_def_dpd_max,近期还款延迟或逾期行为,4,4.5,0.1008249651153803,0.24872446666232167,1.0,8.0,6185,0.0006467259498787389
final_holdout,decline,bureau_closed_credit_sum,外部征信历史风险信号,4,4.75,0.09663906159579783,0.2992329392424492,0.0,33192.337890625,6185,0.0006467259498787389
final_holdout,decline,installment_recent_12m_late_ratio,近期还款延迟或逾期行为,4,5.0,0.09381173394211818,0.31390843785302763,0.5,0.6410714387893677,6185,0.0006467259498787389
final_holdout,decline,installment_recent_24m_total_payment_ratio,历史分期还款表现风险,3,4.666666666666667,0.11176223803634017,0.31265553331179924,0.0,0.419830063978831,6185,0.00048504446240905415
final_holdout,decline,previous_approved_amount_mean,历史申请与授信表现风险,3,5.0,0.09941259265646384,0.21871702904080295,1.0,23943.0,6185,0.00048504446240905415
final_holdout,decline,pos_months_min,POS/现金贷历史表现风险,3,4.666666666666667,0.08781301478933594,0.20171490879321233,0.6666666666666666,-7.0,6185,0.00048504446240905415
final_holdout,decline,bureau_closed_total_debt_to_credit_ratio,征信负债相对授信额度偏高,2,4.0,0.1083970126049323,0.39682512529936154,0.0,-0.00040708299638936296,6185,0.00032336297493936947
final_holdout,decline,bureau_recent_12m_debt_to_credit_max,征信负债相对授信额度偏高,2,5.0,0.09855587876633048,0.24000461367960188,0.0,1.0470868349075317,6185,0.00032336297493936947
final_holdout,decline,bureau_sum_credit_limit,外部征信历史风险信号,2,5.0,0.0970551862978663,0.2586537470211113,0.0,1007.0325012207031,6185,0.00032336297493936947
final_holdout,decline,installment_shortfall_amount_max,历史分期还款表现风险,2,5.0,0.09156395785312008,0.21870099524671194,0.0,98294.8046875,6185,0.00032336297493936947
final_holdout,decline,bureau_consumer_credit_total_debt_to_credit_ratio,征信负债相对授信额度偏高,2,5.0,0.08042591686367109,0.21005507078682356,0.5,0.753640353679657,6185,0.00032336297493936947
final_holdout,decline,installment_recent_6m_late_days_mean,近期还款延迟或逾期行为,1,4.0,0.12481992281160359,0.27858072524230554,0.0,2.6666667461395264,6185,0.00016168148746968473
final_holdout,decline,bureau_recent_6m_debt_to_credit_mean,征信负债相对授信额度偏高,1,4.0,0.122189051193715,0.2700222564069125,0.0,1.0694713592529297,6185,0.00016168148746968473
final_holdout,decline,bureau_days_credit_update_max,外部征信历史风险信号,1,5.0,0.10661738776681493,0.2473584105984295,0.0,-2.0,6185,0.00016168148746968473
final_holdout,decline,bureau_credit_card_debt_to_credit_mean,征信负债相对授信额度偏高,1,5.0,0.104148937130968,0.23695779383736038,0.0,1.011033296585083,6185,0.00016168148746968473
final_holdout,decline,installment_recent_24m_shortfall_amount_sum,历史分期还款表现风险,1,5.0,0.10153515852562002,0.2238269782260606,0.0,253621.3125,6185,0.00016168148746968473
final_holdout,decline,pos_recent_12m_instalment_future_max,POS/现金贷历史表现风险,1,5.0,0.09909944877334094,0.20565116737856437,1.0,36.0,6185,0.00016168148746968473
final_holdout,decline,credit_card_recent_24m_payment_to_min_due_mean,信用卡历史使用表现风险,1,5.0,0.09245898642096524,0.19795899140519851,0.0,0.5332673192024231,6185,0.00016168148746968473
final_holdout,decline,installment_recent_6m_late_count,近期还款延迟或逾期行为,1,5.0,0.08996526685612051,0.19465052331542176,0.0,8.0,6185,0.00016168148746968473
final_holdout,decline,COMMONAREA_MEDI,模型识别的申请资料风险信号,1,5.0,0.08659886444819433,0.20286272682370557,1.0,0.002099999925121665,6185,0.00016168148746968473
final_holdout,decline,bureau_total_debt_to_credit_ratio,征信负债相对授信额度偏高,1,5.0,0.08613392056868649,0.19438875276347165,0.0,0.7663030028343201,6185,0.00016168148746968473
final_holdout,decline,catfreq__OCCUPATION_TYPE,模型识别的申请资料风险信号,1,5.0,0.08447745181076786,0.21058911820156123,0.0,0.004395497031509876,6185,0.00016168148746968473
final_holdout,manual_review,ext_source_mean,外部综合评分/外部数据风险信号,4804,1.1305162364696086,0.5723745194039328,0.14908332115815986,0.16153205661948378,0.3429536122600532,6146,0.7816465994142532
final_holdout,manual_review,employment_years,就业稳定性相关风险,2863,3.2651065316101993,0.14338416997043263,0.14780816647730025,0.1645127488648271,2.013557765328391,6146,0.46583143507972663
final_holdout,manual_review,catfreq__CODE_GENDER,模型识别的申请资料风险信号,2306,2.748048568950564,0.17169105202708582,0.14797338435850238,0.1634865568083261,0.34137457609176636,6146,0.3752033843150016
final_holdout,manual_review,AMT_ANNUITY,模型识别的申请资料风险信号,1811,3.048591938155715,0.15766290687967324,0.14783011584746275,0.14191054665930425,40415.10877967974,6146,0.29466319557435733
final_holdout,manual_review,credit_to_annuity_ratio,模型识别的申请资料风险信号,1657,3.4411587205793603,0.15144530551760968,0.14839699959812314,0.1756185878092939,17.91919582092985,6146,0.26960624796615684
final_holdout,manual_review,goods_to_credit_ratio,模型识别的申请资料风险信号,1553,3.2099162910495815,0.15627301675120273,0.14808307001671683,0.16934964584674822,0.7651422935689716,6146,0.2526846729580215
final_holdout,manual_review,installment_payment_sum,历史分期还款表现风险,1254,3.302232854864434,0.14631689281699806,0.14863163105346702,0.16586921850079744,49829.21533319939,6146,0.20403514480963228
final_holdout,manual_review,ext_source_min,外部综合评分/外部数据风险信号,927,3.01294498381877,0.1798159253053515,0.151149698916795,0.1413160733549083,0.06982564362037837,6146,0.15082980800520665
final_holdout,manual_review,bureau_recent_24m_debt_to_credit_max,征信负债相对授信额度偏高,786,3.3282442748091605,0.15366821721747884,0.14970054262200463,0.16666666666666666,2.3581776533047765,6146,0.1278880572730231
final_holdout,manual_review,credit_card_recent_6m_utilization_max,近期信用卡额度使用率偏高,746,1.789544235924933,0.2711085008020756,0.1506567717522904,0.18498659517426275,1.0459931836371128,6146,0.12137975919297103
final_holdout,manual_review,bureau_credit_card_debt_to_credit_max,征信负债相对授信额度偏高,711,3.4219409282700424,0.14830326806466854,0.14942173257612168,0.15471167369901548,4.4244536536152355,6146,0.11568499837292548
final_holdout,manual_review,previous_refusal_rate,历史申请被拒记录较多,647,3.126738794435858,0.14657835550983964,0.14777309416800247,0.1391035548686244,0.5753938159120875,6146,0.10527172144484218
final_holdout,manual_review,EXT_SOURCE_1,外部综合评分/外部数据风险信号,641,4.179407176287051,0.11869488886425313,0.14677376222859212,0.18408736349453977,0.12680553693186353,6146,0.10429547673283436
final_holdout,manual_review,bureau_max_credit_max_overdue,外部征信历史风险信号,626,3.198083067092652,0.16282941625271521,0.14698370092937485,0.14696485623003194,42504.69823711749,6146,0.10185486495281484
final_holdout,manual_review,EXT_SOURCE_3,外部综合评分/外部数据风险信号,571,3.6742556917688267,0.13388342088127245,0.14946529106703416,0.18388791593695272,0.1463117226395567,6146,0.09290595509274324
final_holdout,manual_review,pos_recent_24m_instalment_future_mean,POS/现金贷历史表现风险,547,3.416819012797075,0.13359813413344387,0.1479703639886056,0.14990859232175502,32.06294446104841,6146,0.08900097624471201
final_holdout,manual_review,catoh__NAME_FAMILY_STATUS__01_Married,模型识别的申请资料风险信号,535,4.0990654205607475,0.11918432371177021,0.14614319442963503,0.14018691588785046,0.0,6146,0.0870484868206964
final_holdout,manual_review,installment_recent_24m_late_days_mean,近期还款延迟或逾期行为,441,2.8253968253968256,0.1875574151984882,0.1499728313216155,0.1655328798185941,3.8914012102042737,6146,0.07175398633257403
final_holdout,manual_review,id_publish_years,模型识别的申请资料风险信号,426,2.8380281690140845,0.1745155477394418,0.14875816060199865,0.15023474178403756,0.6509915069926163,6146,0.06931337455255451
final_holdout,manual_review,REGION_RATING_CLIENT_W_CITY,模型识别的申请资料风险信号,326,4.125766871165644,0.1144565483565959,0.14645245314426297,0.18404907975460122,3.0,6146,0.05304262935242434
final_holdout,manual_review,pos_def_dpd_max,近期还款延迟或逾期行为,325,3.0892307692307694,0.15664079674389372,0.1495890765744076,0.14461538461538462,20.126153846153848,6146,0.05287992190042304
final_holdout,manual_review,DAYS_BIRTH,年龄段相关风险,320,4.203125,0.10755303671605532,0.1481823326062678,0.171875,-14159.9125,6146,0.05206638464041653
final_holdout,manual_review,ext_source_max,外部综合评分/外部数据风险信号,317,4.457413249211356,0.09760520446238262,0.14642042761692567,0.1608832807570978,0.36992242956116844,6146,0.051578262284412625
final_holdout,manual_review,previous_credit_to_application_mean,历史申请与授信表现风险,309,3.8932038834951457,0.11677115898440846,0.14667758495972488,0.15210355987055016,1.142436589623732,6146,0.05027660266840221
final_holdout,manual_review,AMT_GOODS_PRICE,模型识别的申请资料风险信号,263,4.501901140684411,0.10581133162514761,0.14522390538835214,0.13307984790874525,536663.4980988593,6146,0.04279205987634234
final_holdout,manual_review,pos_recent_12m_instalment_future_mean,POS/现金贷历史表现风险,256,3.91796875,0.11494809974737262,0.14768907743591436,0.1328125,33.415648967027664,6146,0.04165310771233322
final_holdout,manual_review,FLAG_WORK_PHONE,模型识别的申请资料风险信号,243,4.094650205761317,0.11047359359139827,0.1476489227657447,0.16872427983539096,1.0,6146,0.0395379108363163
final_holdout,manual_review,pos_instalment_future_mean,POS/现金贷历史表现风险,234,3.948717948717949,0.11925970859053776,0.149968000134955,0.11538461538461539,27.70308388604058,6146,0.03807354376830459
final_holdout,manual_review,pos_recent_6m_instalment_future_mean,POS/现金贷历史表现风险,213,2.8309859154929575,0.16797866952985716,0.14677354664771644,0.19718309859154928,44.86883468807024,6146,0.03465668727627726
final_holdout,manual_review,REG_CITY_NOT_LIVE_CITY,模型识别的申请资料风险信号,203,3.8423645320197046,0.12555940092511786,0.14657281030094205,0.15270935960591134,1.0,6146,0.03302961275626424
final_holdout,manual_review,DEF_30_CNT_SOCIAL_CIRCLE,模型识别的申请资料风险信号,202,2.5742574257425743,0.18181241425008632,0.14915720261057255,0.1485148514851485,2.1683168316831685,6146,0.032866905304262936
final_holdout,manual_review,annuity_to_income_ratio,还款压力相对收入偏高,202,4.2227722772277225,0.11173598476379547,0.1456625190415144,0.15346534653465346,0.3791813592952077,6146,0.032866905304262936
final_holdout,manual_review,credit_card_recent_6m_drawings_sum,信用卡历史使用表现风险,197,2.685279187817259,0.20716940261116865,0.1496223346969123,0.20812182741116753,389511.18837246194,6146,0.032053368044256424
final_holdout,manual_review,bureau_recent_6m_total_debt_to_credit_ratio,征信负债相对授信额度偏高,171,3.5146198830409356,0.13923084697889695,0.14780308151659366,0.1111111111111111,0.020004419760465554,6146,0.027822974292222583
final_holdout,manual_review,bureau_consumer_credit_debt_sum,外部征信历史风险信号,169,3.2662721893491122,0.15443234923032,0.1485835387359591,0.17751479289940827,3148669.3350591715,6146,0.027497559388219982
final_holdout,manual_review,OWN_CAR_AGE,年龄段相关风险,165,4.606060606060606,0.09988681674677002,0.14726097186914827,0.2606060606060606,,6146,0.026846729580214775
final_holdout,manual_review,credit_card_recent_12m_balance_max,信用卡历史使用表现风险,156,3.75,0.14534067847699353,0.1492922132072514,0.12179487179487179,594102.0484775641,6146,0.02538236251220306
final_holdout,manual_review,pos_recent_6m_instalment_future_max,POS/现金贷历史表现风险,154,3.909090909090909,0.12463692214477136,0.1469658336583311,0.12337662337662338,46.77922077922078,6146,0.025056947608200455
final_holdout,manual_review,installment_late_ratio,近期还款延迟或逾期行为,139,3.7841726618705036,0.12868632063657423,0.1486814569971804,0.17266187050359713,0.4896933987415094,6146,0.02261633582818093
final_holdout,manual_review,bureau_recent_12m_credit_sum,外部征信历史风险信号,127,4.173228346456693,0.1103047259947044,0.14344904163951563,0.1968503937007874,1821441.2342519686,6146,0.020663846404165312
final_holdout,manual_review,pos_recent_24m_dpd_max,近期还款延迟或逾期行为,113,3.2035398230088497,0.14768683640013533,0.14567815712159113,0.11504424778761062,430.85840707964604,6146,0.018385942076147088
final_holdout,manual_review,previous_cnt_payment_mean,历史申请与授信表现风险,112,4.178571428571429,0.10948218227351021,0.14676699378563493,0.13392857142857142,34.859746183667866,6146,0.018223234624145785
final_holdout,manual_review,catoh__OCCUPATION_TYPE__06_Drivers,模型识别的申请资料风险信号,107,4.149532710280374,0.11765417540415182,0.14507576669464742,0.1308411214953271,1.0,6146,0.017409697364139276
final_holdout,manual_review,DEF_60_CNT_SOCIAL_CIRCLE,模型识别的申请资料风险信号,96,4.03125,0.1083059131344391,0.14458771742451282,0.14583333333333334,1.40625,6146,0.015619915392124959
final_holdout,manual_review,EXT_SOURCE_2,外部综合评分/外部数据风险信号,95,2.7263157894736842,0.2708605581383165,0.14980355929200964,0.2,0.02188814406230679,6146,0.015457207940123658
final_holdout,manual_review,bureau_recent_24m_credit_sum,外部征信历史风险信号,93,4.193548387096774,0.12188753959732769,0.15176352165818788,0.1827956989247312,4722092.849462366,6146,0.015131793036121055
final_holdout,manual_review,bureau_recent_24m_active_loan_count,外部征信历史风险信号,82,3.8536585365853657,0.11462008712682316,0.14299577542040715,0.17073170731707318,5.890243902439025,6146,0.013342011064106736
final_holdout,manual_review,installment_recent_6m_late_days_max,近期还款延迟或逾期行为,78,3.423076923076923,0.14053415656971643,0.14602465358292635,0.07692307692307693,21.705128205128204,6146,0.01269118125610153
final_holdout,manual_review,previous_recent_6m_credit_to_application_mean,历史申请与授信表现风险,71,3.619718309859155,0.1276624436172839,0.14432181960637036,0.14084507042253522,1.3108310766623055,6146,0.011552229092092418
final_holdout,manual_review,bureau_credit_card_debt_sum,外部征信历史风险信号,67,2.8208955223880596,0.19236839150364957,0.14941959133638932,0.1044776119402985,1190320.9085820895,6146,0.010901399284087211
final_holdout,manual_review,installment_late_days_mean,近期还款延迟或逾期行为,62,4.290322580645161,0.11541862602899652,0.1473051752372916,0.11290322580645161,29.418470036598944,6146,0.010087862024080702
final_holdout,manual_review,pos_recent_24m_active_month_ratio,POS/现金贷历史表现风险,55,4.181818181818182,0.11049857970223306,0.14295675388655135,0.2,0.5293589648875323,6146,0.008948909860071592
final_holdout,manual_review,pos_recent_12m_active_month_ratio,POS/现金贷历史表现风险,55,4.472727272727273,0.09582057776574476,0.1445900618250238,0.09090909090909091,0.336584026705135,6146,0.008948909860071592
final_holdout,manual_review,pos_recent_6m_def_dpd_month_ratio,近期还款延迟或逾期行为,53,3.509433962264151,0.12942015178766295,0.14673473029216103,0.18867924528301888,0.26230908002493514,6146,0.008623494956068989
final_holdout,manual_review,credit_card_drawings_mean,信用卡历史使用表现风险,52,4.326923076923077,0.10839765793336918,0.14942317794328586,0.057692307692307696,64493.82106370192,6146,0.008460787504067686
final_holdout,manual_review,bureau_days_credit_max,外部征信历史风险信号,46,2.869565217391304,0.17514242070406252,0.15254720522713253,0.30434782608695654,-67.3695652173913,6146,0.007484542792059876
final_holdout,manual_review,DAYS_LAST_PHONE_CHANGE,模型识别的申请资料风险信号,46,4.369565217391305,0.10821982449650033,0.14121601199911074,0.08695652173913043,0.0,6146,0.007484542792059876
final_holdout,manual_review,bureau_recent_6m_loan_count,外部征信历史风险信号,43,3.395348837209302,0.13459183156385401,0.15203431828647604,0.2558139534883721,5.953488372093023,6146,0.0069964204360559714
final_holdout,manual_review,installment_recent_6m_late_ratio,近期还款延迟或逾期行为,39,4.487179487179487,0.09022998411533585,0.14646852806177738,0.05128205128205128,0.32108227068032974,6146,0.006345590628050765
final_holdout,manual_review,previous_annuity_mean,历史申请与授信表现风险,36,4.444444444444445,0.10250689861866566,0.14596924141452913,0.2222222222222222,4092.5748901367188,6146,0.00585746827204686
final_holdout,manual_review,installment_recent_6m_total_payment_ratio,历史分期还款表现风险,35,4.4,0.10852499504178353,0.14522574538755756,0.11428571428571428,0.604596255506788,6146,0.0056947608200455585
final_holdout,manual_review,application_missing_field_count,模型识别的申请资料风险信号,34,3.7941176470588234,0.12048882588268466,0.14417982179205002,0.058823529411764705,59.029411764705884,6146,0.005532053368044257
final_holdout,manual_review,bureau_mean_credit,外部征信历史风险信号,34,4.029411764705882,0.11698833189411169,0.1404762264869053,0.20588235294117646,21668.010799632353,6146,0.005532053368044257
final_holdout,manual_review,bureau_active_loan_count,外部征信历史风险信号,31,3.7096774193548385,0.13898838595346533,0.1479364289762896,0.12903225806451613,9.935483870967742,6146,0.005043931012040351
final_holdout,manual_review,credit_card_recent_12m_drawings_sum,信用卡历史使用表现风险,28,4.142857142857143,0.13981434427343573,0.14443010489246183,0.21428571428571427,1029272.2165178572,6146,0.004555808656036446
final_holdout,manual_review,installment_last_due_day,历史分期还款表现风险,27,2.6296296296296298,0.16995088014752774,0.1485343259756586,0.25925925925925924,-2774.8518518518517,6146,0.004393101204035145
final_holdout,manual_review,bureau_consumer_credit_total_debt_to_credit_ratio,征信负债相对授信额度偏高,26,4.769230769230769,0.09247105797653206,0.14468731720095704,0.19230769230769232,0.8838875041558192,6146,0.004230393752033843
final_holdout,manual_review,pos_recent_6m_contract_count,POS/现金贷历史表现风险,25,3.76,0.11368766204005416,0.14484787295277823,0.08,3.4,6146,0.004067686300032541
final_holdout,manual_review,installment_recent_24m_late_ratio,近期还款延迟或逾期行为,25,4.08,0.10445907204833915,0.14251724835391394,0.16,0.3660467168688774,6146,0.004067686300032541
final_holdout,manual_review,YEARS_BEGINEXPLUATATION_MEDI,模型识别的申请资料风险信号,25,4.28,0.1027348239853639,0.1468533726559609,0.12,0.884680004119873,6146,0.004067686300032541
final_holdout,manual_review,credit_card_months_min,信用卡历史使用表现风险,24,3.2083333333333335,0.14066065256392643,0.15009042304115439,0.125,-2.1666666666666665,6146,0.0039049788480312398
final_holdout,manual_review,credit_card_recent_24m_utilization_max,近期信用卡额度使用率偏高,23,3.6956521739130435,0.11713769386868345,0.15188254367339044,0.21739130434782608,1.6177912743195244,6146,0.003742271396029938
final_holdout,manual_review,installment_recent_12m_total_payment_ratio,历史分期还款表现风险,22,3.6818181818181817,0.11938550343178284,0.15555399934663688,0.18181818181818182,0.49153283780271356,6146,0.0035795639440286365
final_holdout,manual_review,credit_to_income_ratio,还款压力相对收入偏高,22,4.2272727272727275,0.11643049376925131,0.14571323033135947,0.13636363636363635,11.763333407315342,6146,0.0035795639440286365
final_holdout,manual_review,feature_store_missing_field_count,模型识别的申请资料风险信号,21,2.0952380952380953,0.22027868361815184,0.14865519147967504,0.047619047619047616,288.0952380952381,6146,0.003416856492027335
final_holdout,manual_review,bureau_sum_overdue_amount,外部征信历史风险信号,19,1.9473684210526316,0.2844319156218837,0.14151835917082936,0.15789473684210525,113720.25787674754,6146,0.0030914415880247317
final_holdout,manual_review,installment_early_days_mean,历史分期还款表现风险,19,4.315789473684211,0.11864390572348726,0.14112266544606192,0.05263157894736842,1.203573614358902,6146,0.0030914415880247317
final_holdout,manual_review,bureau_closed_total_debt_to_credit_ratio,征信负债相对授信额度偏高,17,3.3529411764705883,0.14961923425853407,0.14601080286174128,0.11764705882352941,-0.000916714605409652,6146,0.0027660266840221284
final_holdout,manual_review,bureau_recent_6m_credit_sum,外部征信历史风险信号,17,4.529411764705882,0.10570963539900378,0.14131367416755775,0.11764705882352941,1275171.2573529412,6146,0.0027660266840221284
final_holdout,manual_review,previous_recent_6m_credit_sum,历史申请与授信表现风险,16,3.6875,0.12197775155939139,0.14300920714722015,0.0,1986842.53125,6146,0.0026033192320208264
final_holdout,manual_review,previous_recent_24m_credit_to_application_mean,历史申请与授信表现风险,16,4.0625,0.11118431195720349,0.15297952424232916,0.1875,1.9251914992928505,6146,0.0026033192320208264
final_holdout,manual_review,income_per_family_member,模型识别的申请资料风险信号,15,4.8,0.09856150760033627,0.14574701394337122,0.13333333333333333,321600.0,6146,0.0024406117800195247
final_holdout,manual_review,previous_approved_amount_mean,历史申请与授信表现风险,15,4.6,0.08961034841466411,0.1457005406974377,0.13333333333333333,18899.035026041667,6146,0.0024406117800195247
final_holdout,manual_review,pos_dpd_month_count,近期还款延迟或逾期行为,14,3.142857142857143,0.15364211955192203,0.1430785066653746,0.21428571428571427,55.285714285714285,6146,0.002277904328018223
final_holdout,manual_review,installment_recent_12m_late_days_mean,近期还款延迟或逾期行为,14,4.357142857142857,0.10146107507659877,0.14690044312873335,0.14285714285714285,3.9412266612052917,6146,0.002277904328018223
final_holdout,manual_review,bureau_recent_12m_overdue_loan_ratio,外部征信历史风险信号,13,2.076923076923077,0.393013014725614,0.1559332994731955,0.0,0.9615384615384616,6146,0.0021151968760169215
final_holdout,manual_review,bureau_max_overdue_amount,外部征信历史风险信号,12,3.8333333333333335,0.1655311456365572,0.14196331747966845,0.08333333333333333,175762.17742919922,6146,0.0019524894240156199
final_holdout,manual_review,previous_approved_credit_sum,历史申请与授信表现风险,12,3.9166666666666665,0.12466673478000324,0.1456129838347557,0.25,4071423.375,6146,0.0019524894240156199
final_holdout,manual_review,registration_age_years,年龄段相关风险,12,4.666666666666667,0.10400404155852407,0.14552361657866733,0.25,0.41683777739914757,6146,0.0019524894240156199
final_holdout,manual_review,bureau_sum_credit,外部征信历史风险信号,11,4.090909090909091,0.11106551169244958,0.1393399949516792,0.18181818181818182,20431.07599431818,6146,0.0017897819720143183
final_holdout,manual_review,bureau_consumer_credit_credit_sum,外部征信历史风险信号,10,3.8,0.13268164180782524,0.16362434102937545,0.3,10500262.9,6146,0.0016270745200130166
final_holdout,manual_review,previous_approved_days_decision_max,历史申请与授信表现风险,10,4.2,0.09003623906450073,0.1391229191400039,0.3,-24.4,6146,0.0016270745200130166
final_holdout,manual_review,AMT_INCOME_TOTAL,模型识别的申请资料风险信号,9,4.222222222222222,0.1159924594412743,0.1430022061635536,0.0,575000.0,6146,0.001464367068011715
final_holdout,manual_review,credit_card_drawing_count_sum,信用卡历史使用表现风险,9,4.333333333333333,0.10030914821686183,0.14261619014590854,0.1111111111111111,231.77777777777777,6146,0.001464367068011715
final_holdout,manual_review,previous_canceled_count,历史申请与授信表现风险,8,3.0,0.15709510250141753,0.16481715910315287,0.125,15.375,6146,0.0013016596160104132
final_holdout,manual_review,bureau_closed_credit_sum,外部征信历史风险信号,8,4.75,0.08165745624629743,0.14189606214147288,0.25,39676.736083984375,6146,0.0013016596160104132
final_holdout,manual_review,installment_recent_24m_shortfall_amount_sum,历史分期还款表现风险,6,4.833333333333333,0.10475383782036701,0.1373463141602512,0.0,337828.8671875,6146,0.0009762447120078099
final_holdout,manual_review,installment_recent_12m_late_ratio,近期还款延迟或逾期行为,6,4.166666666666667,0.10378302867478795,0.1431537231072488,0.16666666666666666,0.7083333333333334,6146,0.0009762447120078099
final_holdout,manual_review,bureau_consumer_credit_debt_to_credit_mean,征信负债相对授信额度偏高,6,4.666666666666667,0.09367158558423533,0.14566853250612358,0.16666666666666666,0.9749969740708669,6146,0.0009762447120078099
final_holdout,manual_review,credit_card_recent_6m_month_count,信用卡历史使用表现风险,5,2.8,0.21083505069333902,0.1737647128337151,0.4,11.2,6146,0.0008135372600065083
final_holdout,manual_review,installment_recent_24m_total_payment_ratio,历史分期还款表现风险,5,4.8,0.11224446609294694,0.15346934979851706,0.2,0.5797797083854676,6146,0.0008135372600065083
final_holdout,manual_review,pos_months_min,POS/现金贷历史表现风险,5,4.6,0.10535137529698932,0.14966353915814357,0.2,-6.6,6146,0.0008135372600065083
final_holdout,manual_review,installment_first_due_day,历史分期还款表现风险,5,4.2,0.09828382863780463,0.15226697128526984,0.0,-120.0,6146,0.0008135372600065083
final_holdout,manual_review,previous_recent_24m_refusal_rate,历史申请被拒记录较多,5,4.6,0.09089374225575798,0.1393610502695366,0.0,0.7862626373767853,6146,0.0008135372600065083
final_holdout,manual_review,installment_recent_6m_late_count,近期还款延迟或逾期行为,5,4.8,0.08966540612242672,0.14185342430255585,0.0,9.6,6146,0.0008135372600065083
final_holdout,manual_review,pos_recent_12m_instalment_future_max,POS/现金贷历史表现风险,5,4.6,0.07556618251949429,0.1397036566645321,0.0,39.0,6146,0.0008135372600065083
final_holdout,manual_review,bureau_sum_credit_limit,外部征信历史风险信号,4,4.25,0.09228188709615319,0.12915047417869266,0.0,1462.5675048828125,6146,0.0006508298080052066
final_holdout,manual_review,previous_cash_count,历史申请与授信表现风险,3,4.333333333333333,0.11420950479981605,0.1688700306964075,0.0,24.333333333333332,6146,0.00048812235600390497
final_holdout,manual_review,installment_recent_24m_late_days_max,近期还款延迟或逾期行为,3,4.333333333333333,0.11127508733691867,0.1316164554107542,0.6666666666666666,62.333333333333336,6146,0.00048812235600390497
final_holdout,manual_review,previous_refused_days_decision_max,历史申请被拒记录较多,3,4.333333333333333,0.09603359340901653,0.12237396404217726,0.0,-118.0,6146,0.00048812235600390497
final_holdout,manual_review,bureau_recent_12m_debt_to_credit_max,征信负债相对授信额度偏高,3,5.0,0.09464408812981111,0.14470468101823972,0.0,1.1453111171722412,6146,0.00048812235600390497
final_holdout,manual_review,installment_shortfall_amount_max,历史分期还款表现风险,3,4.666666666666667,0.0908113927431878,0.16772401512142887,0.0,57654.630208333336,6146,0.00048812235600390497
final_holdout,manual_review,previous_approved_credit_to_application_mean,历史申请与授信表现风险,3,4.333333333333333,0.09057272847005453,0.13035287869348997,0.0,1.2051852544148762,6146,0.00048812235600390497
final_holdout,manual_review,bureau_days_credit_update_max,外部征信历史风险信号,2,4.0,0.12279263602605761,0.12913393308266816,0.0,-0.5,6146,0.0003254149040026033
final_holdout,manual_review,previous_revolving_credit_mean,历史申请与授信表现风险,2,4.0,0.115125999289276,0.16594024421186163,0.0,765000.0,6146,0.0003254149040026033
final_holdout,manual_review,bureau_max_credit,外部征信历史风险信号,2,4.0,0.09778932829421225,0.13891414763750876,0.0,14242.5,6146,0.0003254149040026033
final_holdout,manual_review,installment_recent_6m_late_days_mean,近期还款延迟或逾期行为,2,4.0,0.0948439729972131,0.15158401747957972,0.5,2.285714328289032,6146,0.0003254149040026033
final_holdout,manual_review,bureau_overdue_loan_ratio,外部征信历史风险信号,2,5.0,0.0894957285210926,0.12197448374272071,0.0,0.3333333432674408,6146,0.0003254149040026033
final_holdout,manual_review,installment_recent_12m_late_days_max,近期还款延迟或逾期行为,2,5.0,0.0846016437711285,0.1590244980973065,0.0,13.5,6146,0.0003254149040026033
final_holdout,manual_review,ext_source_std,外部综合评分/外部数据风险信号,2,4.0,0.08265633948220728,0.15193880867464232,0.0,0.00026000650905189104,6146,0.0003254149040026033
final_holdout,manual_review,catoh__OCCUPATION_TYPE__02_Laborers,模型识别的申请资料风险信号,2,4.5,0.08197093737789905,0.15260748698589818,1.0,1.0,6146,0.0003254149040026033
final_holdout,manual_review,previous_refused_credit_to_application_mean,历史申请被拒记录较多,2,4.5,0.0773794478537681,0.12816708376361396,0.0,0.8976312875747681,6146,0.0003254149040026033
final_holdout,manual_review,bureau_credit_card_debt_to_credit_mean,征信负债相对授信额度偏高,2,4.5,0.06895340713690368,0.14615516551069602,0.0,0.9456207454204559,6146,0.0003254149040026033
final_holdout,manual_review,bureau_recent_24m_loan_count,外部征信历史风险信号,1,3.0,0.10857053424933653,0.15297854581832615,0.0,8.0,6146,0.00016270745200130165
final_holdout,manual_review,COMMONAREA_MEDI,模型识别的申请资料风险信号,1,4.0,0.10602354812080271,0.13923598362989836,1.0,0.0,6146,0.00016270745200130165
final_holdout,manual_review,credit_card_recent_12m_utilization_mean,近期信用卡额度使用率偏高,1,3.0,0.09877619924713588,0.15254173872999702,0.0,1.0393465757369995,6146,0.00016270745200130165
final_holdout,manual_review,previous_recent_12m_credit_mean,历史申请与授信表现风险,1,4.0,0.09262781072371765,0.12544042331893554,0.0,292500.0,6146,0.00016270745200130165
final_holdout,manual_review,installment_recent_24m_payment_sum,历史分期还款表现风险,1,5.0,0.0875151481228075,0.13659333908500707,1.0,16555.05078125,6146,0.00016270745200130165
final_holdout,manual_review,credit_card_recent_6m_def_dpd_max,近期还款延迟或逾期行为,1,5.0,0.08644059821058817,0.16063815754803504,0.0,8.0,6146,0.00016270745200130165
final_holdout,manual_review,bureau_balance_bad_month_ratio,外部征信历史风险信号,1,5.0,0.08567174653641105,0.18059231031833786,0.0,0.36000001430511475,6146,0.00016270745200130165
final_holdout,manual_review,credit_card_balance_max,信用卡历史使用表现风险,1,3.0,0.08409171579141851,0.1243286057048921,0.0,801405.375,6146,0.00016270745200130165
final_holdout,manual_review,previous_recent_12m_refusal_rate,历史申请被拒记录较多,1,4.0,0.08124812135706769,0.12647151245864935,1.0,1.0,6146,0.00016270745200130165
final_holdout,manual_review,REGION_POPULATION_RELATIVE,模型识别的申请资料风险信号,1,5.0,0.07202095762170098,0.12232325557992059,0.0,0.028663000091910362,6146,0.00016270745200130165
final_holdout,manual_review,previous_approved_cnt_payment_mean,历史申请与授信表现风险,1,4.0,0.0606106140315716,0.11871642415523281,0.0,36.0,6146,0.00016270745200130165
final_holdout,manual_review,installment_recent_12m_payment_sum,历史分期还款表现风险,1,5.0,0.05932957351491254,0.1243286057048921,0.0,2333.159912109375,6146,0.00016270745200130165
final_holdout,manual_review,bureau_mean_debt,外部征信历史风险信号,1,5.0,0.051693843808801154,0.12100602378447088,0.0,157659.75,6146,0.00016270745200130165
validation,decline,ext_source_mean,外部综合评分/外部数据风险信号,5630,1.0621669626998225,0.7448907507934059,0.3160396624291867,0.31687388987566606,0.2827456935476841,6151,0.9152983254755325
validation,decline,employment_years,就业稳定性相关风险,2546,3.6516103692065984,0.15354168821268588,0.29746005571171485,0.2945797329143755,1.8441898376159283,6151,0.4139164363518127
validation,decline,catfreq__CODE_GENDER,模型识别的申请资料风险信号,2217,3.1587731168245377,0.1778405395687244,0.3052650239921259,0.3085250338294993,0.34137457609176636,6151,0.36042919850430827
validation,decline,ext_source_min,外部综合评分/外部数据风险信号,1912,3.098326359832636,0.19924726802643952,0.3403048160576506,0.3540794979079498,0.05790101605833577,6151,0.31084376524142415
validation,decline,credit_to_annuity_ratio,模型识别的申请资料风险信号,1866,3.5241157556270095,0.16988249573845268,0.3149307806089417,0.32690246516613075,17.305912223276216,6151,0.3033653064542351
validation,decline,goods_to_credit_ratio,模型识别的申请资料风险信号,1729,3.393290919606709,0.17892456009056418,0.3187744859055947,0.3360323886639676,0.7577080348104739,6151,0.2810925052836937
validation,decline,AMT_ANNUITY,模型识别的申请资料风险信号,1444,3.3538781163434903,0.17044867726028212,0.30164127031887755,0.2894736842105263,39527.08379501385,6151,0.23475857584132662
validation,decline,installment_payment_sum,历史分期还款表现风险,1262,3.554675118858954,0.16320277208440917,0.30701448388913155,0.3185419968304279,47698.09190315452,6151,0.20516989107462202
validation,decline,bureau_recent_24m_debt_to_credit_max,征信负债相对授信额度偏高,1227,3.215158924205379,0.18562377620959145,0.3294328702659402,0.32192339038304807,14.984573110051532,6151,0.1994797593887173
validation,decline,credit_card_recent_6m_utilization_max,近期信用卡额度使用率偏高,1081,2.1137835337650324,0.2727750859789641,0.3339704240823827,0.3524514338575393,1.0468479024933843,6151,0.17574378149894326
validation,decline,EXT_SOURCE_3,外部综合评分/外部数据风险信号,1005,3.7512437810945274,0.15855070699505536,0.33596947073998285,0.3492537313432836,0.12023477726453795,6151,0.1633880669809787
validation,decline,previous_refusal_rate,历史申请被拒记录较多,853,3.3974208675263773,0.16182423589556896,0.32049341803364534,0.31887456037514655,0.6084645533407979,6151,0.13867663794504959
validation,decline,bureau_credit_card_debt_to_credit_max,征信负债相对授信额度偏高,774,3.648578811369509,0.16428830618259804,0.3077381234781461,0.29328165374677,25.005452508766215,6151,0.12583319785400748
validation,decline,installment_recent_24m_late_days_mean,近期还款延迟或逾期行为,518,2.5617760617760617,0.22105733576951908,0.32673037738291993,0.361003861003861,6.237514832707906,6151,0.08421394895139002
validation,decline,bureau_max_credit_max_overdue,外部征信历史风险信号,492,3.3760162601626016,0.18388798473886794,0.30275764795742754,0.29471544715447157,42075.32221501048,6151,0.07998699398471794
validation,decline,pos_recent_24m_instalment_future_mean,POS/现金贷历史表现风险,410,3.7634146341463413,0.14182251408518926,0.29435043506051695,0.33170731707317075,33.21456567717762,6151,0.06665582832059827
validation,decline,id_publish_years,模型识别的申请资料风险信号,403,3.096774193548387,0.1961936310542235,0.3126460921533639,0.2977667493796526,0.48542841918137913,6151,0.06551780198341733
validation,decline,EXT_SOURCE_1,外部综合评分/外部数据风险信号,377,4.204244031830239,0.14414573664244615,0.28859214494433344,0.259946949602122,0.0836563449363214,6151,0.06129084701674525
validation,decline,pos_def_dpd_max,近期还款延迟或逾期行为,329,3.3313069908814588,0.16819657759473525,0.31611454401253747,0.3465045592705167,21.179331306990882,6151,0.05348723784750447
validation,decline,catoh__NAME_FAMILY_STATUS__01_Married,模型识别的申请资料风险信号,304,4.384868421052632,0.12962204383517353,0.273649235111311,0.26644736842105265,0.0,6151,0.049422858071858235
validation,decline,DEF_30_CNT_SOCIAL_CIRCLE,模型识别的申请资料风险信号,220,2.9363636363636365,0.1895223180869719,0.3160440070760605,0.2818181818181818,2.2772727272727273,6151,0.03576654202568688
validation,decline,EXT_SOURCE_2,外部综合评分/外部数据风险信号,213,2.192488262910798,0.32992223432151313,0.3830311445813545,0.39906103286384975,0.006212645872645403,6151,0.03462851568850593
validation,decline,DAYS_BIRTH,年龄段相关风险,210,4.404761904761905,0.11589789110633512,0.273702350299443,0.29523809523809524,-13965.05238095238,6151,0.034140790115428386
validation,decline,REGION_RATING_CLIENT_W_CITY,模型识别的申请资料风险信号,193,4.2642487046632125,0.12214308008288402,0.2753087955772088,0.24352331606217617,3.0,6151,0.03137701186798895
validation,decline,ext_source_max,外部综合评分/外部数据风险信号,181,4.580110497237569,0.10842466541060991,0.26434243882844244,0.27624309392265195,0.29657351405704546,6151,0.02942610957567875
validation,decline,installment_late_ratio,近期还款延迟或逾期行为,165,3.933333333333333,0.14047920049589574,0.29939764300081656,0.2909090909090909,0.4793134118571426,6151,0.02682490651926516
validation,decline,credit_card_recent_6m_drawings_sum,信用卡历史使用表现风险,164,3.024390243902439,0.21732525752834533,0.3063297230786128,0.35365853658536583,405034.1064214939,6151,0.02666233132823931
validation,decline,pos_recent_6m_instalment_future_mean,POS/现金贷历史表现风险,163,3.067484662576687,0.1810743315041925,0.287604742212194,0.26993865030674846,46.90876085480298,6151,0.026499756137213462
validation,decline,pos_instalment_future_mean,POS/现金贷历史表现风险,147,4.142857142857143,0.12378398201394132,0.27333880543614475,0.2857142857142857,27.5572435028699,6151,0.02389855308079987
validation,decline,REG_CITY_NOT_LIVE_CITY,模型识别的申请资料风险信号,140,4.042857142857143,0.13688860767158917,0.2900854654510504,0.37857142857142856,1.0,6151,0.022760526743618923
validation,decline,FLAG_WORK_PHONE,模型识别的申请资料风险信号,140,4.335714285714285,0.11726126133441538,0.2780081570900327,0.2785714285714286,1.0,6151,0.022760526743618923
validation,decline,bureau_recent_6m_total_debt_to_credit_ratio,征信负债相对授信额度偏高,127,3.645669291338583,0.14972296055804493,0.2835976668138666,0.28346456692913385,0.0038855406529028115,6151,0.02064704926028288
validation,decline,bureau_consumer_credit_debt_sum,外部征信历史风险信号,125,3.496,0.15675939148872828,0.2915256343642295,0.312,2997918.865,6151,0.020321898878231184
validation,decline,annuity_to_income_ratio,还款压力相对收入偏高,125,4.328,0.12920084670282325,0.29179291463799084,0.336,0.40627955794334414,6151,0.020321898878231184
validation,decline,pos_recent_12m_instalment_future_mean,POS/现金贷历史表现风险,119,4.1344537815126055,0.12108320254793985,0.2588932150480417,0.3025210084033613,34.981512294096106,6151,0.019346447732076087
validation,decline,credit_card_recent_12m_balance_max,信用卡历史使用表现风险,116,3.896551724137931,0.1612728568778639,0.2969983274635882,0.33620689655172414,634474.1368534482,6151,0.018858722158998538
validation,decline,previous_credit_to_application_mean,历史申请与授信表现风险,116,4.017241379310345,0.1312947792561237,0.266670418391494,0.25,1.1604097783565521,6151,0.018858722158998538
validation,decline,AMT_GOODS_PRICE,模型识别的申请资料风险信号,101,4.712871287128713,0.11712122136482539,0.2635951376020769,0.2376237623762376,494331.68316831684,6151,0.016420094293610795
validation,decline,installment_recent_6m_late_days_max,近期还款延迟或逾期行为,91,3.5494505494505493,0.16328346718965475,0.3196162570074326,0.31868131868131866,31.802197802197803,6151,0.0147943423833523
validation,decline,pos_recent_24m_dpd_max,近期还款延迟或逾期行为,90,3.7444444444444445,0.15142317443564846,0.28586061474576824,0.2777777777777778,434.3888888888889,6151,0.01463176719232645
validation,decline,pos_recent_6m_instalment_future_max,POS/现金贷历史表现风险,88,4.090909090909091,0.13234068500078092,0.2604366288498828,0.2727272727272727,48.0,6151,0.014306616810274751
validation,decline,bureau_recent_24m_credit_sum,外部征信历史风险信号,79,4.037974683544304,0.13186962310923334,0.30642136898232974,0.35443037974683544,4105851.7768987343,6151,0.012843440091042107
validation,decline,bureau_credit_card_debt_sum,外部征信历史风险信号,76,3.0526315789473686,0.2080131967959428,0.31478149787883986,0.3157894736842105,1261100.7935855263,6151,0.012355714517964559
validation,decline,bureau_recent_12m_credit_sum,外部征信历史风险信号,76,4.276315789473684,0.1194916804718061,0.2743323427463702,0.3026315789473684,1695654.7606907894,6151,0.012355714517964559
validation,decline,bureau_sum_overdue_amount,外部征信历史风险信号,69,2.4927536231884058,0.36312938487811025,0.45881710585187296,0.5072463768115942,118953.14150249094,6151,0.011217688180783612
validation,decline,bureau_recent_24m_active_loan_count,外部征信历史风险信号,63,4.26984126984127,0.12561262085730115,0.29241212144057777,0.2698412698412698,6.809523809523809,6151,0.010242237034628515
validation,decline,OWN_CAR_AGE,年龄段相关风险,59,4.728813559322034,0.10855427635915084,0.2606341423422053,0.4067796610169492,,6151,0.009591936270525118
validation,decline,bureau_days_credit_max,外部征信历史风险信号,56,3.4107142857142856,0.17763718283539998,0.30684751090921425,0.2857142857142857,-7.75,6151,0.00910421069744757
validation,decline,previous_recent_6m_credit_to_application_mean,历史申请与授信表现风险,48,4.041666666666667,0.12848160686121213,0.2845015919437587,0.20833333333333334,1.3343359306454659,6151,0.007803609169240774
validation,decline,previous_cnt_payment_mean,历史申请与授信表现风险,47,4.1063829787234045,0.11975140259735988,0.2568273481099895,0.2765957446808511,35.5790060733227,6151,0.007641033978214924
validation,decline,installment_late_days_mean,近期还款延迟或逾期行为,43,4.465116279069767,0.12808855165767674,0.28580266179373104,0.2558139534883721,15.895588508872098,6151,0.006990733214111527
validation,decline,bureau_recent_12m_overdue_loan_ratio,外部征信历史风险信号,42,2.0238095238095237,0.41211631703705104,0.4031321211314922,0.3333333333333333,1.0,6151,0.0068281580230856774
validation,decline,pos_recent_6m_def_dpd_month_ratio,近期还款延迟或逾期行为,41,4.024390243902439,0.1284696781708388,0.300220982051305,0.2682926829268293,0.27244395635476926,6151,0.006665582832059828
validation,decline,installment_last_due_day,历史分期还款表现风险,38,3.4210526315789473,0.17236276510748536,0.32110117627068496,0.2631578947368421,-2792.3947368421054,6151,0.006177857258982279
validation,decline,DEF_60_CNT_SOCIAL_CIRCLE,模型识别的申请资料风险信号,38,4.526315789473684,0.12122868813177996,0.25584790263535084,0.2631578947368421,1.8157894736842106,6151,0.006177857258982279
validation,decline,bureau_active_loan_count,外部征信历史风险信号,35,3.942857142857143,0.1475669892441335,0.29302542139488746,0.2571428571428571,10.971428571428572,6151,0.005690131685904731
validation,decline,catoh__OCCUPATION_TYPE__06_Drivers,模型识别的申请资料风险信号,31,4.516129032258065,0.1167037125566188,0.2498760293222498,0.2903225806451613,1.0,6151,0.0050398309218013335
validation,decline,bureau_recent_6m_loan_count,外部征信历史风险信号,30,4.333333333333333,0.12361681055424072,0.2899192930804642,0.16666666666666666,6.1,6151,0.004877255730775484
validation,decline,feature_store_missing_field_count,模型识别的申请资料风险信号,29,2.586206896551724,0.2370588074436446,0.35594254657139723,0.1724137931034483,287.2413793103448,6151,0.0047146805397496345
validation,decline,bureau_max_overdue_amount,外部征信历史风险信号,24,4.208333333333333,0.17068179905127467,0.4070564335091089,0.4583333333333333,106314.2569173177,6151,0.003901804584620387
validation,decline,installment_recent_6m_total_payment_ratio,历史分期还款表现风险,22,4.045454545454546,0.12348760501628574,0.2879011033125107,0.4090909090909091,0.5887080187147314,6151,0.003576654202568688
validation,decline,credit_card_drawings_mean,信用卡历史使用表现风险,22,4.5,0.1179657907833444,0.2564763007191267,0.13636363636363635,70487.9453125,6151,0.003576654202568688
validation,decline,bureau_mean_credit,外部征信历史风险信号,21,4.142857142857143,0.13255470193744148,0.248093205883333,0.19047619047619047,22687.323195684523,6151,0.0034140790115428387
validation,decline,previous_annuity_mean,历史申请与授信表现风险,20,4.45,0.11454980018464053,0.23405093564726495,0.3,2908.962582397461,6151,0.003251503820516989
validation,decline,credit_card_recent_12m_drawings_sum,信用卡历史使用表现风险,18,4.111111111111111,0.15103937550130864,0.2712073163503088,0.5,1092960.607638889,6151,0.00292635343846529
validation,decline,pos_recent_24m_active_month_ratio,POS/现金贷历史表现风险,17,4.470588235294118,0.10853099810310796,0.2533148379560867,0.4117647058823529,0.6296105770503774,6151,0.0027637782474394406
validation,decline,installment_recent_6m_late_ratio,近期还款延迟或逾期行为,17,4.470588235294118,0.10318505226496713,0.24905866381262443,0.11764705882352941,0.4830223418333951,6151,0.0027637782474394406
validation,decline,bureau_recent_6m_credit_sum,外部征信历史风险信号,15,4.666666666666667,0.11416353914740122,0.2977948999476122,0.4666666666666667,1221707.5,6151,0.002438627865387742
validation,decline,credit_card_recent_6m_month_count,信用卡历史使用表现风险,12,3.1666666666666665,0.20987375859884072,0.3258199642857899,0.25,11.666666666666666,6151,0.0019509022923101934
validation,decline,pos_dpd_month_count,近期还款延迟或逾期行为,12,4.416666666666667,0.13995266950148252,0.2656777453629129,0.25,54.583333333333336,6151,0.0019509022923101934
validation,decline,YEARS_BEGINEXPLUATATION_MEDI,模型识别的申请资料风险信号,12,4.25,0.12427173417393038,0.29963555701688876,0.16666666666666666,0.4804583340883255,6151,0.0019509022923101934
validation,decline,installment_recent_12m_total_payment_ratio,历史分期还款表现风险,12,4.416666666666667,0.12359026635433501,0.28110362886347023,0.16666666666666666,0.46237323184808093,6151,0.0019509022923101934
validation,decline,credit_card_recent_24m_utilization_max,近期信用卡额度使用率偏高,12,4.166666666666667,0.12160638918247968,0.2300894166313978,0.4166666666666667,1.1571980714797974,6151,0.0019509022923101934
validation,decline,credit_card_months_min,信用卡历史使用表现风险,11,3.8181818181818183,0.15991668933769126,0.2870058791731059,0.6363636363636364,-1.5454545454545454,6151,0.001788327101284344
validation,decline,previous_canceled_count,历史申请与授信表现风险,11,3.4545454545454546,0.1549154725314737,0.3457999282239344,0.45454545454545453,17.727272727272727,6151,0.001788327101284344
validation,decline,application_missing_field_count,模型识别的申请资料风险信号,11,4.181818181818182,0.12673815976166578,0.30899630921450494,0.36363636363636365,59.0,6151,0.001788327101284344
validation,decline,bureau_consumer_credit_debt_to_credit_mean,征信负债相对授信额度偏高,11,4.090909090909091,0.12629845865699105,0.28736757236425325,0.5454545454545454,1.072192994031039,6151,0.001788327101284344
validation,decline,previous_recent_6m_credit_sum,历史申请与授信表现风险,10,4.1,0.1260705500225835,0.3062593371298683,0.3,1852512.65,6151,0.0016257519102584946
validation,decline,bureau_sum_credit,外部征信历史风险信号,10,4.5,0.12520475900719175,0.2577525131790139,0.2,24947.0640625,6151,0.0016257519102584946
validation,decline,installment_early_days_mean,历史分期还款表现风险,10,4.3,0.11971875144505562,0.25301995664183974,0.3,1.2046439737081527,6151,0.0016257519102584946
validation,decline,credit_to_income_ratio,还款压力相对收入偏高,10,4.8,0.11326686563498072,0.25418502232838536,0.2,13.6532883644104,6151,0.0016257519102584946
validation,decline,pos_recent_12m_active_month_ratio,POS/现金贷历史表现风险,10,4.3,0.10672523284737485,0.24310416549084923,0.0,0.3857142925262451,6151,0.0016257519102584946
validation,decline,bureau_consumer_credit_credit_sum,外部征信历史风险信号,8,4.0,0.15753374677194787,0.2836402250364698,0.5,13534925.5,6151,0.0013006015282067955
validation,decline,installment_first_due_day,历史分期还款表现风险,7,4.857142857142857,0.10759861281829046,0.2896901247310303,0.5714285714285714,-112.42857142857143,6151,0.0011380263371809462
validation,decline,pos_recent_6m_contract_count,POS/现金贷历史表现风险,6,4.333333333333333,0.11355795474748927,0.2609487240861674,0.0,3.3333333333333335,6151,0.0009754511461550967
validation,decline,bureau_consumer_credit_total_debt_to_credit_ratio,征信负债相对授信额度偏高,6,4.333333333333333,0.091423090359651,0.2506065979087671,0.16666666666666666,0.8277256190776825,6151,0.0009754511461550967
validation,decline,bureau_closed_total_debt_to_credit_ratio,征信负债相对授信额度偏高,5,3.8,0.15566636284347884,0.23465061680371613,0.2,-0.003953949111746624,6151,0.0008128759551292473
validation,decline,registration_age_years,年龄段相关风险,5,4.8,0.11685089946855318,0.2801798836713395,0.2,0.22997946329414845,6151,0.0008128759551292473
validation,decline,installment_recent_12m_late_days_mean,近期还款延迟或逾期行为,5,5.0,0.10098361833630501,0.2646401555667639,0.4,4.484848499298096,6151,0.0008128759551292473
validation,decline,installment_recent_24m_late_ratio,近期还款延迟或逾期行为,5,4.6,0.10038307336389371,0.22143670895502493,0.2,0.3803239017724991,6151,0.0008128759551292473
validation,decline,previous_approved_credit_sum,历史申请与授信表现风险,4,5.0,0.11927654255685798,0.21535492305963558,0.5,2520454.5,6151,0.0006503007641033978
validation,decline,credit_card_drawing_count_sum,信用卡历史使用表现风险,4,4.75,0.10985089811320788,0.28354884956846993,0.75,246.0,6151,0.0006503007641033978
validation,decline,previous_cash_count,历史申请与授信表现风险,4,4.25,0.1086026192821077,0.2432162567427607,0.25,29.5,6151,0.0006503007641033978
validation,decline,previous_approved_days_decision_max,历史申请与授信表现风险,4,4.5,0.10606242624003057,0.27089920661107775,0.25,-8.25,6151,0.0006503007641033978
validation,decline,previous_recent_24m_credit_to_application_mean,历史申请与授信表现风险,4,4.75,0.10184765066940639,0.23032508789254758,0.25,1.423575609922409,6151,0.0006503007641033978
validation,decline,DAYS_LAST_PHONE_CHANGE,模型识别的申请资料风险信号,4,4.5,0.09896754565486524,0.21002126297652945,0.0,0.0,6151,0.0006503007641033978
validation,decline,installment_recent_12m_late_ratio,近期还款延迟或逾期行为,3,4.666666666666667,0.11208288635907383,0.2539005716772372,0.3333333333333333,0.7529761989911398,6151,0.00048772557307754836
validation,decline,previous_refused_days_decision_max,历史申请被拒记录较多,3,4.666666666666667,0.10527360938548974,0.26356041045147033,0.6666666666666666,-160.33333333333334,6151,0.00048772557307754836
validation,decline,previous_approved_amount_mean,历史申请与授信表现风险,3,4.0,0.10383332767539961,0.2418112963050956,0.3333333333333333,20651.324869791668,6151,0.00048772557307754836
validation,decline,income_per_family_member,模型识别的申请资料风险信号,3,5.0,0.08741608700680965,0.25126279987274763,0.3333333333333333,240000.0,6151,0.00048772557307754836
validation,decline,pos_months_min,POS/现金贷历史表现风险,2,5.0,0.11897729136963207,0.3145847544657579,0.0,-5.5,6151,0.0003251503820516989
validation,decline,bureau_recent_6m_debt_to_credit_mean,征信负债相对授信额度偏高,2,5.0,0.11660300370572492,0.35610603312517375,0.0,1.0859000086784363,6151,0.0003251503820516989
validation,decline,installment_recent_24m_total_payment_ratio,历史分期还款表现风险,2,5.0,0.11351346096586382,0.2881064667936536,0.5,0.5202246010303497,6151,0.0003251503820516989
validation,decline,installment_recent_24m_shortfall_amount_sum,历史分期还款表现风险,2,4.0,0.11234043440547195,0.2335221642896193,0.5,314975.46875,6151,0.0003251503820516989
validation,decline,bureau_sum_credit_limit,外部征信历史风险信号,2,5.0,0.10410423178302303,0.29887176013645894,0.0,587.1600036621094,6151,0.0003251503820516989
validation,decline,bureau_recent_12m_loan_count,外部征信历史风险信号,2,5.0,0.10384448027274107,0.2184297582579074,0.5,15.0,6151,0.0003251503820516989
validation,decline,installment_recent_6m_late_days_mean,近期还款延迟或逾期行为,2,3.5,0.10334318796584,0.25203321393734235,1.0,1.8839285373687744,6151,0.0003251503820516989
validation,decline,AMT_INCOME_TOTAL,模型识别的申请资料风险信号,1,5.0,0.18747681123419432,0.2325500425832276,0.0,450000.0,6151,0.00016257519102584944
validation,decline,previous_revolving_credit_mean,历史申请与授信表现风险,1,5.0,0.13776368752349358,0.28602540462676534,1.0,765000.0,6151,0.00016257519102584944
validation,decline,bureau_max_credit,外部征信历史风险信号,1,4.0,0.12308391422852624,0.3286859209027088,0.0,28372.5,6151,0.00016257519102584944
validation,decline,bureau_balance_bad_month_ratio,外部征信历史风险信号,1,5.0,0.11009647814576773,0.22525253447613047,0.0,0.30612245202064514,6151,0.00016257519102584944
validation,decline,previous_goods_price_mean,历史申请与授信表现风险,1,5.0,0.10742602844720629,0.29736037411649124,0.0,17419.5,6151,0.00016257519102584944
validation,decline,bureau_days_credit_update_max,外部征信历史风险信号,1,5.0,0.1055143846352602,0.31097989820502286,0.0,0.0,6151,0.00016257519102584944
validation,decline,pos_recent_24m_instalment_future_max,POS/现金贷历史表现风险,1,5.0,0.1042369826937365,0.2321851743416058,1.0,48.0,6151,0.00016257519102584944
validation,decline,credit_card_recent_6m_def_dpd_max,近期还款延迟或逾期行为,1,5.0,0.1031045172593137,0.27902365257978345,0.0,8.0,6151,0.00016257519102584944
validation,decline,previous_recent_24m_refusal_rate,历史申请被拒记录较多,1,5.0,0.10006030475142272,0.19581779139259464,0.0,0.6666666865348816,6151,0.00016257519102584944
validation,decline,catoh__OCCUPATION_TYPE__02_Laborers,模型识别的申请资料风险信号,1,4.0,0.0947516993026031,0.2264976977280146,0.0,1.0,6151,0.00016257519102584944
validation,decline,installment_shortfall_amount_max,历史分期还款表现风险,1,5.0,0.09095609164002975,0.2006744004895402,0.0,55711.7109375,6151,0.00016257519102584944
validation,decline,credit_card_active_month_ratio,信用卡历史使用表现风险,1,4.0,0.09047493669054076,0.2736047352783473,1.0,0.6811594367027283,6151,0.00016257519102584944
validation,decline,previous_refused_credit_to_application_mean,历史申请被拒记录较多,1,5.0,0.08964228528899283,0.2739972705765858,0.0,1.2904000282287598,6151,0.00016257519102584944
validation,decline,installment_recent_6m_late_count,近期还款延迟或逾期行为,1,5.0,0.08737861423743376,0.3313789152070677,0.0,9.0,6151,0.00016257519102584944
validation,decline,previous_recent_12m_refusal_rate,历史申请被拒记录较多,1,5.0,0.0786895422184384,0.3006990808361128,0.0,1.0,6151,0.00016257519102584944
validation,manual_review,ext_source_mean,外部综合评分/外部数据风险信号,4822,1.1308585649108254,0.5745122436664558,0.14950089267321706,0.15118208212360015,0.34178841062388815,6150,0.7840650406504065
validation,manual_review,employment_years,就业稳定性相关风险,2909,3.2602268820900653,0.14442892837561,0.14839018909903506,0.14575455482983843,2.010932111017081,6150,0.4730081300813008
validation,manual_review,catfreq__CODE_GENDER,模型识别的申请资料风险信号,2222,2.7196219621962197,0.17235977539574535,0.14897934839923166,0.14581458145814583,0.34137457609176636,6150,0.3613008130081301
validation,manual_review,AMT_ANNUITY,模型识别的申请资料风险信号,1749,3.0686106346483704,0.15775888658504844,0.14854186912162712,0.1423670668953688,40155.380789022296,6150,0.284390243902439
validation,manual_review,credit_to_annuity_ratio,模型识别的申请资料风险信号,1680,3.438690476190476,0.15190956098549308,0.14933740567240283,0.16964285714285715,17.6984402179718,6150,0.2731707317073171
validation,manual_review,goods_to_credit_ratio,模型识别的申请资料风险信号,1591,3.179132620993086,0.15799068199208557,0.1482724270534257,0.15336266499057197,0.7661610173025197,6150,0.25869918699186994
validation,manual_review,installment_payment_sum,历史分期还款表现风险,1292,3.2724458204334366,0.14697638103916175,0.1476234437138196,0.1323529411764706,48467.71697910651,6150,0.21008130081300813
validation,manual_review,ext_source_min,外部综合评分/外部数据风险信号,959,2.978102189781022,0.17826968499600515,0.15247141959771532,0.1397288842544317,0.07089525698922693,6150,0.1559349593495935
validation,manual_review,bureau_recent_24m_debt_to_credit_max,征信负债相对授信额度偏高,833,3.24249699879952,0.1562186618349684,0.14926962276134023,0.14645858343337334,2.983029563240258,6150,0.1354471544715447
validation,manual_review,bureau_credit_card_debt_to_credit_max,征信负债相对授信额度偏高,740,3.372972972972973,0.14771518927697666,0.1490416879611108,0.14864864864864866,193.091193264159,6150,0.12032520325203253
validation,manual_review,credit_card_recent_6m_utilization_max,近期信用卡额度使用率偏高,735,1.7782312925170067,0.2725174572152857,0.15047748830578855,0.14965986394557823,1.0340418639637174,6150,0.11951219512195121
validation,manual_review,previous_refusal_rate,历史申请被拒记录较多,632,3.1566455696202533,0.14894629543286092,0.14937138659988639,0.14715189873417722,0.5833199232628073,6150,0.10276422764227643
validation,manual_review,EXT_SOURCE_1,外部综合评分/外部数据风险信号,609,4.185550082101806,0.11827007713846006,0.14886275738333968,0.15270935960591134,0.13331476592510524,6150,0.09902439024390244
validation,manual_review,bureau_max_credit_max_overdue,外部征信历史风险信号,598,3.24247491638796,0.16414477522819773,0.14743828079290505,0.14214046822742474,52472.90733516017,6150,0.09723577235772357
validation,manual_review,catoh__NAME_FAMILY_STATUS__01_Married,模型识别的申请资料风险信号,564,4.134751773049645,0.11656188421406377,0.145616525277531,0.12943262411347517,0.0,6150,0.09170731707317073
validation,manual_review,EXT_SOURCE_3,外部综合评分/外部数据风险信号,544,3.761029411764706,0.13229173635521707,0.15025932346199536,0.20036764705882354,0.1453421215294785,6150,0.08845528455284553
validation,manual_review,pos_recent_24m_instalment_future_mean,POS/现金贷历史表现风险,526,3.547528517110266,0.1313008074094549,0.14861404551395663,0.13878326996197718,32.04450261366232,6150,0.08552845528455284
validation,manual_review,installment_recent_24m_late_days_mean,近期还款延迟或逾期行为,456,2.7346491228070176,0.1895171966437436,0.14969590840625646,0.17324561403508773,4.372825899667907,6150,0.07414634146341463
validation,manual_review,id_publish_years,模型识别的申请资料风险信号,420,2.9380952380952383,0.17770079090176483,0.14887894511537852,0.18571428571428572,0.6349141162110581,6150,0.06829268292682927
validation,manual_review,ext_source_max,外部综合评分/外部数据风险信号,382,4.403141361256544,0.09782057577465603,0.1460956955586822,0.13612565445026178,0.3697410060144005,6150,0.06211382113821138
validation,manual_review,DAYS_BIRTH,年龄段相关风险,377,4.061007957559681,0.10693557613996998,0.14581253160108945,0.17771883289124668,-14178.071618037135,6150,0.06130081300813008
validation,manual_review,REGION_RATING_CLIENT_W_CITY,模型识别的申请资料风险信号,343,4.090379008746356,0.11479953840918483,0.14900875180645526,0.17201166180758018,3.0,6150,0.055772357723577234
validation,manual_review,previous_credit_to_application_mean,历史申请与授信表现风险,296,3.97972972972973,0.11665983734365351,0.14557651674560654,0.12837837837837837,1.1349398699161168,6150,0.04813008130081301
validation,manual_review,pos_def_dpd_max,近期还款延迟或逾期行为,288,2.96875,0.15820771050180535,0.14870854630816888,0.11805555555555555,28.20138888888889,6150,0.04682926829268293
validation,manual_review,AMT_GOODS_PRICE,模型识别的申请资料风险信号,267,4.479400749063671,0.10634855798547799,0.1468577046540865,0.16853932584269662,526162.9213483146,6150,0.04341463414634146
validation,manual_review,pos_instalment_future_mean,POS/现金贷历史表现风险,246,3.9227642276422765,0.11768660633767837,0.14800733254418627,0.15447154471544716,26.77656556726471,6150,0.04
validation,manual_review,FLAG_WORK_PHONE,模型识别的申请资料风险信号,244,4.127049180327869,0.11073207477593684,0.14848731514506927,0.1680327868852459,1.0,6150,0.03967479674796748
validation,manual_review,pos_recent_12m_instalment_future_mean,POS/现金贷历史表现风险,232,3.9956896551724137,0.11507117108667973,0.1448392799243911,0.14655172413793102,34.46648900262241,6150,0.03772357723577236
validation,manual_review,DEF_30_CNT_SOCIAL_CIRCLE,模型识别的申请资料风险信号,212,2.7122641509433962,0.18283423849282313,0.1502996149761712,0.18396226415094338,2.202830188679245,6150,0.03447154471544715
validation,manual_review,REG_CITY_NOT_LIVE_CITY,模型识别的申请资料风险信号,207,3.657004830917874,0.12875447599535952,0.14923882940709482,0.14492753623188406,1.0,6150,0.033658536585365856
validation,manual_review,annuity_to_income_ratio,还款压力相对收入偏高,198,4.232323232323233,0.11114127257656098,0.1468010854066547,0.16666666666666666,0.3776019364595413,6150,0.03219512195121951
validation,manual_review,pos_recent_6m_instalment_future_mean,POS/现金贷历史表现风险,187,2.9197860962566846,0.17407977965308982,0.14767670318158263,0.1497326203208556,44.60199363218909,6150,0.03040650406504065
validation,manual_review,credit_card_recent_6m_drawings_sum,信用卡历史使用表现风险,183,2.6830601092896176,0.20510284747750068,0.15023288305940366,0.16393442622950818,421820.0359887295,6150,0.02975609756097561
validation,manual_review,installment_late_ratio,近期还款延迟或逾期行为,176,3.8693181818181817,0.12679828021331688,0.14705402721573832,0.16477272727272727,0.46346691462465306,6150,0.02861788617886179
validation,manual_review,bureau_recent_6m_total_debt_to_credit_ratio,征信负债相对授信额度偏高,170,3.488235294117647,0.13773858938244316,0.14763070003857479,0.11764705882352941,0.008059617594870574,6150,0.027642276422764227
validation,manual_review,bureau_consumer_credit_debt_sum,外部征信历史风险信号,164,3.3292682926829267,0.1548882258731168,0.149456975363704,0.10975609756097561,3181182.4100609757,6150,0.02666666666666667
validation,manual_review,OWN_CAR_AGE,年龄段相关风险,151,4.569536423841059,0.10005677891807471,0.14583538953669306,0.13245033112582782,,6150,0.024552845528455283
validation,manual_review,credit_card_recent_12m_balance_max,信用卡历史使用表现风险,142,3.6901408450704225,0.14157873622382233,0.14895339049200776,0.1056338028169014,575243.7232614437,6150,0.023089430894308944
validation,manual_review,bureau_recent_12m_credit_sum,外部征信历史风险信号,137,4.124087591240876,0.10816507335433892,0.14579572057595871,0.12408759124087591,1747259.352189781,6150,0.022276422764227644
validation,manual_review,pos_recent_6m_instalment_future_max,POS/现金贷历史表现风险,134,3.9328358208955225,0.12097749790128658,0.14591093680832273,0.17164179104477612,44.73880597014925,6150,0.021788617886178863
validation,manual_review,pos_recent_24m_dpd_max,近期还款延迟或逾期行为,114,3.3771929824561404,0.1442991227063337,0.14701799221084763,0.15789473684210525,422.96491228070175,6150,0.018536585365853658
validation,manual_review,previous_cnt_payment_mean,历史申请与授信表现风险,106,4.273584905660377,0.10949187811235024,0.14617976042874797,0.09433962264150944,35.618058438571,6150,0.017235772357723576
validation,manual_review,DEF_60_CNT_SOCIAL_CIRCLE,模型识别的申请资料风险信号,105,4.314285714285714,0.10588194622337935,0.14349059140036763,0.1619047619047619,1.4857142857142858,6150,0.01707317073170732
validation,manual_review,bureau_recent_24m_credit_sum,外部征信历史风险信号,103,3.9514563106796117,0.11827936624585339,0.14728436523349947,0.1941747572815534,4188161.574029126,6150,0.016747967479674795
validation,manual_review,bureau_recent_24m_active_loan_count,外部征信历史风险信号,89,4.112359550561798,0.11192379239533172,0.14248729862603532,0.1348314606741573,5.707865168539326,6150,0.014471544715447154
validation,manual_review,installment_recent_6m_late_days_max,近期还款延迟或逾期行为,84,3.4047619047619047,0.13350997323285296,0.14941826327998098,0.16666666666666666,20.214285714285715,6150,0.013658536585365854
validation,manual_review,catoh__OCCUPATION_TYPE__06_Drivers,模型识别的申请资料风险信号,84,4.321428571428571,0.11112021111945185,0.14672998189012865,0.17857142857142858,1.0,6150,0.013658536585365854
validation,manual_review,EXT_SOURCE_2,外部综合评分/外部数据风险信号,81,2.740740740740741,0.25288166000479134,0.15384705818481917,0.1728395061728395,0.025651289670901006,6150,0.013170731707317073
validation,manual_review,previous_recent_6m_credit_to_application_mean,历史申请与授信表现风险,73,3.73972602739726,0.12544285300649768,0.14491626926940296,0.2054794520547945,1.301489968822427,6150,0.011869918699186991
validation,manual_review,bureau_credit_card_debt_sum,外部征信历史风险信号,68,2.676470588235294,0.2021571249697811,0.15181616626079586,0.20588235294117646,1321084.5698888442,6150,0.011056910569105691
validation,manual_review,installment_late_days_mean,近期还款延迟或逾期行为,68,4.176470588235294,0.11872344632207893,0.15300049486042003,0.14705882352941177,19.32322955832762,6150,0.011056910569105691
validation,manual_review,credit_card_drawings_mean,信用卡历史使用表现风险,52,4.076923076923077,0.11580560905892173,0.14370391478918068,0.11538461538461539,57026.957820012016,6150,0.008455284552845528
validation,manual_review,DAYS_LAST_PHONE_CHANGE,模型识别的申请资料风险信号,47,4.404255319148936,0.10551992116024513,0.14229528458260185,0.10638297872340426,-0.0425531914893617,6150,0.007642276422764228
validation,manual_review,installment_recent_6m_late_ratio,近期还款延迟或逾期行为,42,4.214285714285714,0.09613039530324986,0.15371807939966944,0.07142857142857142,0.3352621378643172,6150,0.006829268292682927
validation,manual_review,YEARS_BEGINEXPLUATATION_MEDI,模型识别的申请资料风险信号,41,4.219512195121951,0.11097172176766311,0.14589183456455376,0.0975609756097561,0.7531756148105715,6150,0.006666666666666667
validation,manual_review,bureau_recent_6m_loan_count,外部征信历史风险信号,40,3.525,0.1340828021929185,0.14602328837969833,0.225,5.825,6150,0.0065040650406504065
validation,manual_review,pos_recent_6m_def_dpd_month_ratio,近期还款延迟或逾期行为,40,3.325,0.12625935733865537,0.1533616431846852,0.075,0.23339286185801028,6150,0.0065040650406504065
validation,manual_review,previous_annuity_mean,历史申请与授信表现风险,40,4.2,0.10622238355376201,0.1428805595072418,0.075,3218.4325622558595,6150,0.0065040650406504065
validation,manual_review,installment_last_due_day,历史分期还款表现风险,38,2.526315789473684,0.18170626556094682,0.14535190103311918,0.07894736842105263,-2766.6315789473683,6150,0.006178861788617886
validation,manual_review,installment_recent_6m_total_payment_ratio,历史分期还款表现风险,38,4.052631578947368,0.1100136688393631,0.14871275134699627,0.10526315789473684,0.6165408523459184,6150,0.006178861788617886
validation,manual_review,pos_recent_24m_active_month_ratio,POS/现金贷历史表现风险,38,4.578947368421052,0.09754351881159219,0.14959298160269063,0.10526315789473684,0.4516855250847967,6150,0.006178861788617886
validation,manual_review,bureau_days_credit_max,外部征信历史风险信号,35,2.7714285714285714,0.17808683647409027,0.15151115770655116,0.11428571428571428,-7.257142857142857,6150,0.005691056910569106
validation,manual_review,application_missing_field_count,模型识别的申请资料风险信号,33,3.8181818181818183,0.11693176213105824,0.14347895644119463,0.030303030303030304,59.03030303030303,6150,0.005365853658536586
validation,manual_review,pos_recent_12m_active_month_ratio,POS/现金贷历史表现风险,33,4.090909090909091,0.10068583118170825,0.1457652762677318,0.15151515151515152,0.43486791578206146,6150,0.005365853658536586
validation,manual_review,bureau_mean_credit,外部征信历史风险信号,32,3.9375,0.1282373909443609,0.14287761467223553,0.125,21613.012634277344,6150,0.005203252032520325
validation,manual_review,bureau_active_loan_count,外部征信历史风险信号,30,4.033333333333333,0.13256864731669926,0.14891837209206837,0.16666666666666666,10.033333333333333,6150,0.004878048780487805
validation,manual_review,credit_card_months_min,信用卡历史使用表现风险,30,3.8333333333333335,0.12780089563099356,0.1455992076247173,0.2,-2.933333333333333,6150,0.004878048780487805
validation,manual_review,feature_store_missing_field_count,模型识别的申请资料风险信号,29,2.5517241379310347,0.20242185479014213,0.15006086147167438,0.06896551724137931,287.2068965517241,6150,0.004715447154471545
validation,manual_review,credit_card_recent_12m_drawings_sum,信用卡历史使用表现风险,28,3.9642857142857144,0.1410954936394109,0.1495542561210185,0.21428571428571427,1157157.3504464286,6150,0.0045528455284552845
validation,manual_review,bureau_consumer_credit_total_debt_to_credit_ratio,征信负债相对授信额度偏高,26,4.346153846153846,0.08983394716626436,0.1412788642104511,0.11538461538461539,0.8481332407547877,6150,0.004227642276422764
validation,manual_review,bureau_sum_overdue_amount,外部征信历史风险信号,22,2.1818181818181817,0.30205700447275413,0.1509520237961148,0.22727272727272727,233127.29453346945,6150,0.0035772357723577236
validation,manual_review,bureau_recent_6m_credit_sum,外部征信历史风险信号,21,4.285714285714286,0.10825058197581894,0.15187382381670483,0.19047619047619047,860655.7708333334,6150,0.0034146341463414634
validation,manual_review,credit_to_income_ratio,还款压力相对收入偏高,20,3.95,0.13013332312052234,0.14362359969678565,0.2,14.41199450492859,6150,0.0032520325203252032
validation,manual_review,installment_recent_24m_late_ratio,近期还款延迟或逾期行为,20,4.45,0.10580858665317783,0.14157935347726716,0.1,0.42298072576522827,6150,0.0032520325203252032
validation,manual_review,installment_recent_12m_late_days_mean,近期还款延迟或逾期行为,20,4.0,0.10195456703709523,0.13543807778572547,0.1,3.856994605064392,6150,0.0032520325203252032
validation,manual_review,installment_early_days_mean,历史分期还款表现风险,17,4.176470588235294,0.11946875986652963,0.14829998080878304,0.29411764705882354,1.1385037872721167,6150,0.0027642276422764228
validation,manual_review,credit_card_drawing_count_sum,信用卡历史使用表现风险,17,4.235294117647059,0.10519860073394026,0.14646045977255726,0.058823529411764705,227.0,6150,0.0027642276422764228
validation,manual_review,bureau_recent_12m_overdue_loan_ratio,外部征信历史风险信号,15,1.5333333333333334,0.41639211702815854,0.15151935075373585,0.2,1.0,6150,0.0024390243902439024
validation,manual_review,pos_recent_6m_contract_count,POS/现金贷历史表现风险,15,4.133333333333334,0.10949087283733547,0.14370197395514983,0.2,3.2,6150,0.0024390243902439024
validation,manual_review,pos_months_min,POS/现金贷历史表现风险,15,4.6,0.09288791367572295,0.1289908948574784,0.0,-7.533333333333333,6150,0.0024390243902439024
validation,manual_review,credit_card_recent_6m_month_count,信用卡历史使用表现风险,13,2.6923076923076925,0.21082967319035395,0.15186126742143038,0.0,11.076923076923077,6150,0.002113821138211382
validation,manual_review,bureau_max_overdue_amount,外部征信历史风险信号,13,4.153846153846154,0.1433255363792276,0.15226948181208283,0.3076923076923077,306146.30538236175,6150,0.002113821138211382
validation,manual_review,pos_dpd_month_count,近期还款延迟或逾期行为,13,4.153846153846154,0.12636998052510762,0.15756278343471608,0.0,55.0,6150,0.002113821138211382
validation,manual_review,previous_approved_amount_mean,历史申请与授信表现风险,13,4.6923076923076925,0.0929859203945865,0.1411203650434085,0.15384615384615385,21861.183443509617,6150,0.002113821138211382
validation,manual_review,installment_first_due_day,历史分期还款表现风险,12,3.75,0.10135829999344191,0.14005665403150133,0.08333333333333333,-160.33333333333334,6150,0.001951219512195122
validation,manual_review,credit_card_recent_24m_utilization_max,近期信用卡额度使用率偏高,11,4.181818181818182,0.11054440016400387,0.15201622210048718,0.09090909090909091,1.1506443999030374,6150,0.0017886178861788618
validation,manual_review,bureau_closed_total_debt_to_credit_ratio,征信负债相对授信额度偏高,10,3.1,0.1469323491816717,0.14732015785510968,0.0,-0.0010923314184765331,6150,0.0016260162601626016
validation,manual_review,bureau_consumer_credit_credit_sum,外部征信历史风险信号,10,4.2,0.14193284580865803,0.14785230112008452,0.1,12744719.8,6150,0.0016260162601626016
validation,manual_review,installment_recent_12m_total_payment_ratio,历史分期还款表现风险,10,3.4,0.13118280750741612,0.14978147947629222,0.2,0.4524747461080551,6150,0.0016260162601626016
validation,manual_review,previous_recent_6m_credit_sum,历史申请与授信表现风险,10,3.5,0.12710086280328733,0.15665222762157266,0.1,1902167.55,6150,0.0016260162601626016
validation,manual_review,registration_age_years,年龄段相关风险,10,4.4,0.1145310289284498,0.14715554445507578,0.2,0.22997945919632912,6150,0.0016260162601626016
validation,manual_review,income_per_family_member,模型识别的申请资料风险信号,10,4.6,0.09087748136331832,0.14909661164909838,0.1,228450.0,6150,0.0016260162601626016
validation,manual_review,previous_recent_24m_credit_to_application_mean,历史申请与授信表现风险,9,4.111111111111111,0.11392318554741537,0.1495477754973591,0.1111111111111111,1.47921888033549,6150,0.0014634146341463415
validation,manual_review,bureau_sum_credit_limit,外部征信历史风险信号,9,4.555555555555555,0.08967427141615784,0.1436227032702827,0.2222222222222222,7865.350175645616,6150,0.0014634146341463415
validation,manual_review,previous_approved_credit_sum,历史申请与授信表现风险,8,3.5,0.14565189854986965,0.1363548332227436,0.0,3669179.0625,6150,0.0013008130081300813
validation,manual_review,bureau_sum_credit,外部征信历史风险信号,8,4.625,0.10283627952659645,0.15661814859189252,0.0,25987.640625,6150,0.0013008130081300813
validation,manual_review,bureau_recent_12m_loan_count,外部征信历史风险信号,7,4.142857142857143,0.10799371894631908,0.14733917216367137,0.0,14.714285714285714,6150,0.0011382113821138211
validation,manual_review,installment_recent_12m_late_ratio,近期还款延迟或逾期行为,7,4.714285714285714,0.10084821860292226,0.14115310896115663,0.14285714285714285,0.6294705442019871,6150,0.0011382113821138211
validation,manual_review,installment_recent_24m_late_days_max,近期还款延迟或逾期行为,7,4.857142857142857,0.09317033803696241,0.14740848362013942,0.2857142857142857,64.85714285714286,6150,0.0011382113821138211
validation,manual_review,installment_recent_24m_total_payment_ratio,历史分期还款表现风险,6,4.0,0.1195584157017393,0.15210180192724546,0.3333333333333333,0.5933585464954376,6150,0.000975609756097561
validation,manual_review,previous_refused_days_decision_max,历史申请被拒记录较多,6,4.666666666666667,0.0950388257256586,0.15042375996621146,0.0,-93.66666666666667,6150,0.000975609756097561
validation,manual_review,previous_approved_days_decision_max,历史申请与授信表现风险,6,4.5,0.09265950284366893,0.14273569369884367,0.3333333333333333,-36.166666666666664,6150,0.000975609756097561
validation,manual_review,bureau_consumer_credit_debt_to_credit_mean,征信负债相对授信额度偏高,5,4.2,0.10731744909900338,0.1493031598964329,0.2,0.9766251087188721,6150,0.0008130081300813008
validation,manual_review,bureau_recent_12m_debt_to_credit_max,征信负债相对授信额度偏高,5,4.8,0.10324011775683326,0.16153582836790337,0.4,1.298610520362854,6150,0.0008130081300813008
validation,manual_review,previous_canceled_count,历史申请与授信表现风险,4,2.75,0.15943575218147454,0.15094889572771156,0.0,15.25,6150,0.0006504065040650406
validation,manual_review,AMT_INCOME_TOTAL,模型识别的申请资料风险信号,4,5.0,0.10655096722827817,0.1506158097357321,0.0,607500.0,6150,0.0006504065040650406
validation,manual_review,previous_recent_24m_refusal_rate,历史申请被拒记录较多,4,4.0,0.10083706641456171,0.13386281945860984,0.0,0.6748737543821335,6150,0.0006504065040650406
validation,manual_review,bureau_closed_credit_sum,外部征信历史风险信号,4,5.0,0.07786161347838294,0.13071302104678348,0.0,64190.8466796875,6150,0.0006504065040650406
validation,manual_review,previous_recent_6m_credit_mean,历史申请与授信表现风险,3,4.333333333333333,0.09627471407746842,0.1369209962474167,0.0,1661460.0,6150,0.0004878048780487805
validation,manual_review,installment_recent_6m_late_days_mean,近期还款延迟或逾期行为,3,3.6666666666666665,0.09440651511366216,0.16802612273345682,0.3333333333333333,3.1968254248301187,6150,0.0004878048780487805
validation,manual_review,previous_revolving_credit_mean,历史申请与授信表现风险,3,5.0,0.09182707040836047,0.13444715351430248,0.0,735000.0,6150,0.0004878048780487805
validation,manual_review,bureau_balance_bad_month_ratio,外部征信历史风险信号,3,5.0,0.09099739604741973,0.1337050933807301,0.0,0.2534928967555364,6150,0.0004878048780487805
validation,manual_review,bureau_credit_card_debt_to_credit_mean,征信负债相对授信额度偏高,3,5.0,0.09048239223120928,0.13982618994196586,0.0,1.0301780303319295,6150,0.0004878048780487805
validation,manual_review,previous_approved_days_decision_mean,历史申请与授信表现风险,3,4.333333333333333,0.08842009716995654,0.16345156134145555,0.3333333333333333,-149.0,6150,0.0004878048780487805
validation,manual_review,previous_refused_credit_to_application_mean,历史申请被拒记录较多,3,4.666666666666667,0.08452686659804871,0.1445781205004367,0.0,0.9512601494789124,6150,0.0004878048780487805
validation,manual_review,installment_shortfall_amount_max,历史分期还款表现风险,2,4.0,0.11141689274076767,0.15958701312901954,0.5,82053.04296875,6150,0.0003252032520325203
validation,manual_review,catfreq__OCCUPATION_TYPE,模型识别的申请资料风险信号,2,3.0,0.09854813442687989,0.13056469698111559,0.0,0.004568932228721678,6150,0.0003252032520325203
validation,manual_review,bureau_recent_6m_debt_to_credit_mean,征信负债相对授信额度偏高,2,5.0,0.09214365443223843,0.15432396055500908,0.0,1.1454452276229858,6150,0.0003252032520325203
validation,manual_review,previous_revolving_refusal_rate,历史申请被拒记录较多,2,5.0,0.08847999284211941,0.15341499122266963,0.0,1.0,6150,0.0003252032520325203
validation,manual_review,bureau_days_credit_update_max,外部征信历史风险信号,2,5.0,0.08776785570745782,0.15342527504741604,0.0,-1.5,6150,0.0003252032520325203
validation,manual_review,previous_approved_credit_to_application_mean,历史申请与授信表现风险,2,5.0,0.08550216963859408,0.14246138989551888,0.0,1.174092411994934,6150,0.0003252032520325203
validation,manual_review,installment_recent_24m_shortfall_amount_sum,历史分期还款表现风险,2,5.0,0.08375914762363253,0.12769475092913668,0.0,289164.15625,6150,0.0003252032520325203
validation,manual_review,installment_recent_6m_late_count,近期还款延迟或逾期行为,2,5.0,0.07829979872521409,0.1415565962270668,0.0,8.5,6150,0.0003252032520325203
validation,manual_review,COMMONAREA_MEDI,模型识别的申请资料风险信号,1,4.0,0.12019746959379186,0.13206397097004957,0.0,0.0,6150,0.00016260162601626016
validation,manual_review,previous_cash_count,历史申请与授信表现风险,1,3.0,0.1095819151994652,0.16017754542694965,0.0,24.0,6150,0.00016260162601626016
validation,manual_review,ext_source_std,外部综合评分/外部数据风险信号,1,5.0,0.10326519493616723,0.1766188135467787,0.0,0.0010253498330712318,6150,0.00016260162601626016
validation,manual_review,previous_goods_price_mean,历史申请与授信表现风险,1,5.0,0.08794993943041067,0.14893991529733502,0.0,16748.640625,6150,0.00016260162601626016
validation,manual_review,installment_recent_12m_payment_sum,历史分期还款表现风险,1,5.0,0.08628443392323641,0.15149869334405286,0.0,3255.659912109375,6150,0.00016260162601626016
validation,manual_review,pos_instalment_future_max,POS/现金贷历史表现风险,1,5.0,0.08442282903521148,0.11900570034692405,0.0,1.0,6150,0.00016260162601626016
validation,manual_review,installment_recent_24m_payment_sum,历史分期还款表现风险,1,5.0,0.08395971042542225,0.12819620867867176,0.0,11016.08984375,6150,0.00016260162601626016
validation,manual_review,installment_recent_12m_late_days_max,近期还款延迟或逾期行为,1,4.0,0.08146602276942196,0.11794702011076924,0.0,13.0,6150,0.00016260162601626016
validation,manual_review,bureau_max_credit,外部征信历史风险信号,1,5.0,0.07429507824984706,0.1283754411159496,0.0,35424.0,6150,0.00016260162601626016
validation,manual_review,bureau_closed_debt_to_credit_mean,征信负债相对授信额度偏高,1,4.0,0.07408967660049821,0.13088823744126918,1.0,0.11915602535009384,6150,0.00016260162601626016
validation,manual_review,credit_card_balance_max,信用卡历史使用表现风险,1,5.0,0.0690159806251249,0.13600720904230137,0.0,468315.90625,6150,0.00016260162601626016
validation,manual_review,bureau_total_debt_to_credit_ratio,征信负债相对授信额度偏高,1,4.0,0.06756029247892842,0.12610785404628322,0.0,0.9941385984420776,6150,0.00016260162601626016
validation,manual_review,credit_card_recent_24m_payment_to_min_due_mean,信用卡历史使用表现风险,1,4.0,0.06254936395300856,0.14463246908584815,0.0,0.7806728482246399,6150,0.00016260162601626016
